0,0,0,0,0,0,0,0,0,0,0,0,0,0,0,0,0,0,0,0,0,0,0,0,0,0,0,0,0,0,0,0,0,0,0,0,0,0,0,0,0,0,0,0,0,0,0,0,0,0,0,0,0,0,0,0,0,0,0,0,0,0,0,0,0,0,0,0,0,0,0,0,0,0,0,0,0,0,0,0,0,0,0,0,0,0,0,0,0,0,0,0,0,0,0,0,0,0,0,0,0,0,0,0,0,0,0,0,0,0,0,0,0,0,0,0,0,0,0,0,0,0,0,0,0,0,0,0,0,0,0,0,0,0,0,0,0,0,0,0,0,0,0,0,0,0,0,0,0,0,0,0,0,0,0,0,0,0,0,0,0,0,0,0,0,0
0,0,139,345,7,379,40,26,16,388,166,13,335,50,17,54,8,479,0,152,375,127,49,256,56,68,113,79,78,151,16,548,38,189,7,250,217,8,247,520,232,59,191,27,12,314,26,24,524,138,277,125,205,42,630,184,312,85,45,6,12,39,192,49,113,86,35,248,459,307,108,170,373,178,136,55,17,116,4,3,268,156,154,0,77,10,647,140,113,12,135,19,316,255,491,100,165,100,77,3,438,2,196,148,85,518,7,25,182,326,81,487,189,101,297,1,130,25,12,222,273,61,48,57,101,434,352,393,149,20,72,2,445,224,321,23,68,26,109,222,356,77,58,33,42,88,206,232,176,175,1,230,502,36,211,131,87,33,216,52,34,114,80,52,283,36
0,144,0,120,10,227,54,15,183,508,128,6,313,29,19,54,5,239,0,137,166,66,27,220,18,62,26,76,32,125,26,337,12,102,41,81,118,4,434,358,287,231,175,26,7,91,27,118,234,172,272,115,457,241,232,157,259,43,54,12,31,9,119,103,52,22,63,297,429,256,47,314,286,354,40,103,21,268,2,62,68,34,90,0,196,22,657,80,56,11,74,31,107,241,225,25,168,46,10,5,359,2,158,113,176,282,77,13,150,233,27,342,70,52,58,8,103,38,8,157,191,12,44,34,97,224,232,170,188,13,18,1,314,166,170,47,76,63,50,20,216,62,144,6,155,204,431,232,69,173,3,340,340,42,239,57,52,8,148,52,55,368,59,47,63,53
0,312,117,0,11,219,26,14,24,296,185,7,327,40,14,31,3,361,0,117,218,55,38,139,21,117,39,56,41,96,11,453,16,83,6,269,183,8,221,341,182,299,132,40,6,191,12,22,278,101,224,142,256,80,415,137,322,61,40,6,22,19,135,52,88,45,50,219,367,325,89,121,313,195,82,49,17,63,0,4,105,56,95,0,104,5,543,78,88,5,135,12,198,196,239,43,112,76,57,5,297,1,116,76,65,332,14,11,175,246,42,307,128,55,230,4,78,16,2,155,183,42,24,26,50,454,250,258,90,10,52,2,324,164,169,25,87,30,91,97,302,71,59,11,32,115,282,212,120,162,1,180,315,15,265,96,94,18,131,33,22,131,80,49,118,10
0,7,18,13,0,7,2,1,1,23,6,0,7,2,1,0,1,16,0,6,11,2,3,11,1,2,1,3,1,1,2,22,1,13,0,4,10,0,22,12,24,13,6,2,0,3,1,2,8,5,9,10,38,1,10,3,19,4,2,0,0,0,2,2,4,0,3,16,22,17,3,4,5,8,4,4,0,3,0,2,8,1,1,0,6,1,25,0,3,0,1,0,10,5,21,0,1,2,1,0,17,0,2,3,5,12,0,2,1,14,0,9,7,4,3,2,2,1,1,5,3,0,0,1,1,11,13,12,3,2,0,0,15,3,13,3,4,2,4,0,9,0,4,0,7,3,33,18,2,11,0,11,7,1,18,3,7,0,8,0,2,11,6,5,1,0
0,349,224,251,4,2,31,44,66,276,236,18,536,135,6,28,9,1218,0,232,372,197,167,397,58,112,134,73,172,328,58,676,29,162,61,467,269,7,668,853,428,135,337,18,12,267,43,198,426,204,373,269,223,101,848,439,260,68,106,2,32,37,172,143,221,48,131,364,426,595,217,273,664,274,69,122,77,371,8,9,121,52,284,0,47,7,831,82,245,6,206,70,402,467,372,78,305,60,26,22,602,11,451,723,29,443,44,42,257,545,173,551,96,85,201,1,351,37,21,346,542,139,22,20,125,313,391,442,238,14,134,3,675,569,462,23,154,42,234,231,426,186,35,30,37,75,233,464,258,180,5,162,618,47,236,165,83,54,79,113,59,99,91,57,265,13
0,50,50,34,1,33,0,8,9,70,31,1,73,3,14,5,0,68,0,39,23,15,14,25,9,13,7,22,3,13,2,69,3,27,1,14,29,2,74,33,30,36,15,5,0,23,2,6,38,34,29,13,25,28,26,17,32,8,9,4,12,6,17,11,10,2,5,27,46,53,9,22,35,46,10,8,0,49,1,2,21,4,8,0,30,9,64,6,2,2,11,7,28,20,54,5,38,7,3,1,54,0,7,13,76,49,5,4,11,25,7,80,19,24,18,0,12,11,2,17,45,7,13,8,24,64,39,26,37,2,10,1,14,19,48,3,8,13,12,3,51,17,5,0,7,35,57,44,8,12,2,82,52,3,26,9,22,1,35,5,2,64,15,8,6,9
0,16,6,3,1,40,4,0,3,11,14,1,18,17,0,4,3,56,0,30,17,11,14,26,3,5,17,2,14,32,3,40,3,14,1,16,9,0,37,49,20,2,24,2,3,21,4,13,14,8,9,27,16,1,24,16,47,11,4,3,4,3,6,9,18,6,12,9,12,23,8,11,40,30,5,12,5,22,0,0,10,4,26,0,8,2,23,3,15,0,6,11,36,25,25,5,9,5,1,2,17,1,31,9,2,20,4,2,10,71,6,27,9,5,5,0,27,6,1,19,40,11,11,6,22,10,18,19,15,0,18,0,36,30,45,2,6,3,15,6,28,5,4,2,2,4,5,34,57,8,4,7,18,5,8,2,4,6,0,11,4,4,5,3,1,4
0,20,175,25,1,83,7,5,0,173,48,15,116,5,2,30,3,62,0,82,15,32,34,101,6,11,30,31,21,81,24,101,17,31,24,15,16,4,145,265,67,40,32,17,2,49,14,116,120,86,101,8,132,184,66,46,53,12,38,5,9,0,38,45,13,4,29,112,151,132,16,63,155,182,9,48,5,174,1,42,11,3,58,0,70,9,194,24,61,3,38,20,40,91,40,23,49,6,4,3,154,1,90,51,19,144,27,15,75,49,7,150,14,10,9,0,23,71,1,94,98,3,27,15,15,35,82,24,28,1,5,1,209,95,20,8,14,12,4,10,102,46,29,3,2,159,81,70,16,6,2,138,151,27,31,32,24,2,39,18,21,125,36,4,6,16
0,428,458,303,28,226,79,13,187,0,403,25,534,123,29,167,2,496,0,93,372,168,62,237,37,194,64,114,101,123,4,824,19,159,6,289,289,10,572,551,513,419,244,58,11,161,41,20,494,245,454,246,1371,304,585,417,450,70,66,5,35,31,207,81,140,36,83,449,829,773,152,151,473,386,46,181,19,286,7,97,536,179,70,0,239,13,1261,116,191,10,164,10,313,458,695,115,236,63,68,13,692,2,169,222,194,692,9,27,166,407,80,460,328,143,546,5,50,43,8,242,120,27,9,63,66,370,578,417,186,26,102,2,622,211,560,67,178,35,133,44,501,41,112,22,107,213,688,413,84,390,4,608,611,45,504,100,124,8,338,53,28,438,218,65,320,14
0,137,130,160,3,223,41,33,43,342,1,17,337,174,17,66,17,454,0,451,221,161,60,182,37,45,43,52,146,294,19,633,29,138,37,231,191,3,287,408,462,66,147,65,9,130,61,55,260,143,307,573,92,122,247,239,647,63,90,9,29,16,202,153,130,59,88,210,486,241,100,95,372,260,91,91,110,292,7,14,98,87,106,0,163,5,594,40,198,1,69,24,214,429,337,66,130,59,25,7,262,2,311,98,77,430,84,24,158,254,37,306,211,35,230,5,269,19,8,132,256,44,27,46,72,237,399,285,178,18,70,1,439,128,316,5,115,47,42,43,686,34,27,23,14,82,148,272,168,230,13,250,220,18,109,68,54,12,52,55,35,73,84,50,158,137
0,13,14,5,0,22,2,1,19,28,28,0,21,6,0,2,2,43,0,22,22,23,9,23,3,0,13,5,6,19,1,52,1,5,2,14,8,1,33,42,24,4,9,3,0,7,8,3,25,13,18,23,18,13,30,14,42,5,6,0,1,2,12,9,9,5,3,3,30,12,5,12,16,24,6,7,9,28,1,1,7,2,9,0,9,0,33,8,12,0,9,2,20,38,21,1,13,2,1,0,32,0,13,7,1,22,5,1,18,32,0,33,5,4,9,0,23,1,2,17,18,2,2,1,4,6,25,22,19,1,5,0,37,8,21,4,0,1,6,4,36,3,7,1,2,6,9,17,22,3,1,31,31,0,16,3,4,2,7,5,3,13,4,0,12,9
0,331,272,296,12,494,63,23,87,512,285,14,0,129,25,65,12,615,0,265,314,115,89,517,28,55,36,80,216,199,47,637,21,143,46,183,283,4,603,567,329,158,242,51,11,183,42,153,452,210,296,169,243,217,531,317,457,54,144,4,22,26,136,105,161,20,147,295,372,326,158,107,456,360,97,98,32,409,2,38,162,83,146,0,177,10,769,111,158,10,98,28,300,450,469,70,215,65,31,10,407,7,286,278,142,491,44,14,186,398,73,695,198,113,215,3,174,36,7,224,490,94,33,64,107,331,334,313,247,10,105,0,432,331,423,12,95,54,132,54,486,90,113,44,15,187,271,535,161,187,5,398,421,121,155,82,136,11,231,85,57,279,120,54,224,20
0,74,35,36,4,148,5,16,4,164,236,7,186,0,2,19,7,368,0,121,96,64,26,97,10,14,20,20,129,147,9,271,6,69,16,79,87,0,123,209,212,23,84,9,8,81,10,50,86,28,86,157,65,2,75,92,297,35,43,3,11,10,59,37,101,15,59,103,172,89,35,76,216,133,23,41,17,145,1,2,41,54,61,1,40,2,209,17,135,1,20,10,87,139,148,35,83,19,18,10,69,7,185,13,16,132,12,2,73,95,5,72,108,17,128,1,89,11,4,40,111,14,4,13,21,63,135,131,53,4,44,1,219,57,217,3,66,22,16,19,116,29,18,18,9,11,39,153,57,113,0,70,37,10,33,24,16,2,56,23,17,8,38,37,80,24
0,16,29,12,2,9,15,1,8,32,10,1,22,1,0,2,0,16,0,9,22,2,3,12,2,4,1,5,3,4,0,19,3,13,0,2,7,0,30,10,11,13,4,2,1,2,4,3,14,10,8,1,18,17,15,13,16,3,1,0,0,3,2,3,6,1,2,10,13,10,4,10,19,21,5,2,1,20,3,1,13,4,4,0,17,0,39,1,1,1,4,2,10,5,27,1,10,2,0,0,23,1,2,9,18,20,0,2,2,3,6,36,9,10,8,1,5,4,1,5,11,0,2,5,10,25,11,8,12,1,2,0,10,13,13,1,0,5,3,0,17,3,4,3,7,19,39,26,1,9,0,35,15,3,8,7,7,0,21,0,2,23,7,0,2,0
0,69,65,50,1,37,8,7,39,193,84,7,101,21,7,0,1,58,0,106,47,35,21,59,12,19,15,16,21,53,9,68,9,32,5,51,36,3,66,133,79,34,26,5,2,27,13,31,107,48,72,50,121,61,45,34,89,26,15,4,12,9,44,42,36,19,37,71,127,27,14,27,65,105,46,39,1,73,1,48,36,22,19,0,21,8,58,14,20,4,27,10,58,71,89,18,45,5,5,0,66,3,48,18,25,100,13,4,46,51,3,96,54,27,54,0,40,8,1,50,28,8,39,21,10,57,99,70,48,6,14,0,406,62,59,8,22,13,17,11,115,20,18,4,6,34,68,55,23,39,4,71,53,12,41,13,17,5,15,6,13,48,25,13,30,26
0,4,4,2,0,11,2,2,1,2,15,1,3,5,0,4,0,15,0,11,10,5,3,8,2,0,5,1,2,11,0,21,4,7,1,6,5,0,5,11,12,3,7,0,1,7,3,5,7,3,0,6,4,2,4,2,15,1,1,1,0,2,3,2,1,3,4,5,9,3,0,4,10,19,1,4,3,12,1,0,3,2,6,0,1,1,6,3,4,0,6,2,3,9,5,2,7,2,1,0,5,0,8,2,0,2,4,4,8,14,0,6,4,0,1,0,12,1,1,1,7,3,3,2,8,3,8,18,6,0,2,0,6,5,10,0,1,3,2,2,12,5,0,0,0,0,4,10,7,0,1,3,0,0,4,5,1,1,1,3,2,4,3,3,8,4
0,426,221,331,8,1111,67,46,59,415,411,24,591,266,15,50,13,0,0,399,411,309,209,467,59,140,155,142,236,513,46,920,53,231,78,526,378,6,632,904,473,193,229,30,27,346,60,206,753,252,406,424,258,83,929,598,557,91,176,12,47,52,249,246,302,106,222,434,779,643,83,347,746,358,70,113,88,386,12,21,327,118,366,0,119,17,1340,98,270,5,226,48,396,563,561,81,339,98,58,38,650,16,593,138,30,546,70,41,311,694,63,660,127,77,319,3,398,50,14,346,499,151,20,75,149,374,480,802,340,41,247,2,1118,515,729,27,144,70,77,206,714,179,59,53,36,77,321,549,393,202,12,193,563,78,310,175,71,64,63,168,73,53,142,147,332,68
0,0,0,0,0,0,0,0,0,0,0,0,0,0,0,0,0,0,0,0,0,0,0,0,0,0,0,0,0,0,0,0,0,0,0,0,0,0,0,0,0,0,0,0,0,0,0,0,0,0,0,0,0,0,0,0,0,0,0,0,0,0,0,0,0,0,0,0,0,0,0,0,0,0,0,0,0,0,0,0,0,0,0,0,0,0,0,0,0,0,0,0,0,0,0,0,0,0,0,0,0,0,0,0,0,0,0,0,0,0,0,0,0,0,0,0,0,0,0,0,0,0,0,0,0,0,0,0,0,0,0,0,0,0,0,0,0,0,0,0,0,0,0,0,0,0,0,0,0,0,0,0,0,0,0,0,0,0,0,0,0,0,0,0,0,0
0,146,126,117,6,177,30,35,73,100,443,17,272,97,7,69,13,379,0,0,245,155,102,241,20,71,42,45,112,302,31,482,19,117,38,171,138,8,278,390,290,72,110,44,8,100,35,99,407,153,204,438,252,58,102,103,584,65,98,19,32,11,131,214,83,59,111,189,440,187,49,85,401,290,82,70,61,195,4,0,105,48,127,0,176,31,342,33,115,1,59,32,201,351,264,45,101,40,19,8,244,7,220,41,18,330,73,28,152,308,23,359,72,46,83,4,238,61,12,185,251,78,102,68,59,161,283,230,163,21,80,2,411,196,209,18,53,58,33,38,593,68,33,25,26,122,95,249,151,117,9,126,301,34,127,58,42,18,87,136,67,52,89,44,102,164
0,423,166,216,9,430,24,36,13,376,300,21,350,92,16,59,10,482,0,275,0,149,108,228,67,92,104,50,79,136,22,667,27,232,15,298,203,5,442,474,439,166,218,29,9,177,32,65,402,340,246,342,265,47,481,182,401,71,81,8,16,31,122,160,130,58,102,291,467,403,156,89,390,283,99,86,82,129,3,9,162,126,168,0,126,8,499,49,117,0,135,18,278,419,499,53,204,76,46,3,436,3,164,128,63,407,60,32,147,428,85,364,180,117,268,3,287,24,9,244,178,101,29,35,131,290,440,421,224,37,97,2,501,286,343,35,109,46,133,81,417,67,51,29,50,39,321,248,166,287,6,187,411,33,323,139,92,15,191,98,33,128,105,52,246,49
0,141,87,55,2,200,4,21,41,151,183,10,136,61,9,39,11,420,0,173,141,0,94,233,16,28,30,35,61,158,15,301,5,71,10,153,125,2,226,316,146,34,80,17,9,123,35,64,212,75,110,142,72,38,215,151,228,39,44,5,14,13,84,113,54,42,73,95,246,131,34,78,269,155,17,21,48,184,4,10,108,55,121,0,54,8,278,28,67,1,42,20,171,196,213,37,87,38,21,3,213,2,213,43,16,169,49,12,129,444,10,302,91,22,130,1,164,17,6,138,168,66,14,31,75,171,157,215,120,10,81,2,285,157,207,9,34,28,31,70,228,59,22,36,4,41,61,188,155,55,5,74,226,31,69,45,23,14,64,76,17,59,45,25,81,59
0,27,31,42,0,159,12,13,23,49,44,11,75,15,1,18,3,195,0,106,81,57,0,103,14,20,40,20,18,47,11,170,9,23,6,88,77,1,162,192,51,8,36,6,6,35,4,50,147,43,55,47,48,14,125,67,74,22,14,7,11,10,32,49,32,24,50,46,78,61,24,25,79,90,9,25,11,127,1,3,33,19,55,0,19,9,79,8,14,0,48,19,87,143,143,7,24,20,8,1,138,0,65,18,3,59,11,5,36,146,9,175,30,9,24,1,105,8,2,165,45,52,17,5,37,29,81,121,74,5,49,1,124,126,112,2,16,10,24,22,145,28,17,9,3,13,32,52,85,28,0,32,154,9,39,33,16,6,15,45,16,27,15,16,38,16
0,271,175,172,6,380,27,27,73,221,188,13,516,96,8,57,10,532,0,234,187,163,82,1,21,76,66,51,94,324,45,633,16,103,56,261,194,7,335,487,356,132,149,13,7,171,23,200,553,100,226,216,273,6,268,322,376,75,127,13,43,20,139,156,112,41,182,263,450,185,39,223,480,342,115,93,70,299,3,1,103,75,222,0,133,8,558,66,152,1,59,52,178,374,211,48,212,55,37,25,290,10,345,41,56,257,82,23,196,214,11,288,109,69,118,2,207,49,12,121,385,60,60,26,49,260,236,309,155,14,73,1,515,276,259,28,99,61,59,56,324,115,41,18,45,48,175,385,140,171,14,156,247,75,190,100,50,20,122,82,74,73,71,63,81,80
0,47,35,34,1,58,8,11,6,62,23,4,38,13,5,8,5,72,0,30,67,16,18,15,0,12,75,13,15,14,1,63,14,22,2,44,27,2,51,85,35,17,31,10,1,41,2,9,33,15,27,26,43,29,77,22,47,14,10,3,4,4,16,11,27,18,5,28,54,33,19,16,47,53,6,16,3,31,2,6,20,15,32,0,11,4,91,9,11,1,25,4,38,49,53,3,26,23,4,3,69,1,25,15,9,61,5,4,13,52,9,98,17,18,11,1,42,9,5,39,33,11,7,8,43,38,35,50,32,11,7,0,55,37,38,5,9,8,13,8,55,13,14,5,8,19,34,25,27,24,0,49,42,1,39,43,10,3,23,3,3,39,9,6,26,5
0,57,60,109,7,89,15,8,8,193,51,2,54,16,1,20,0,141,0,47,88,28,21,54,23,0,65,23,13,39,8,196,7,24,11,73,48,2,117,125,76,153,57,4,1,66,6,25,93,35,83,60,142,4,106,85,113,34,18,10,7,14,47,20,20,9,43,109,290,196,30,31,79,103,17,30,3,41,2,2,44,25,27,0,24,16,242,10,49,0,89,20,79,91,77,12,29,10,11,2,93,3,39,45,25,162,12,8,155,128,17,49,63,49,156,3,43,6,3,19,38,5,31,7,10,116,91,118,21,6,19,1,230,95,52,19,45,18,31,17,167,32,17,3,41,10,243,103,23,149,1,75,70,11,155,17,25,6,30,25,13,30,72,11,43,21
0,72,28,25,1,119,7,14,29,40,34,3,30,10,0,16,5,113,0,54,95,23,44,59,66,34,0,16,7,64,20,172,26,29,9,55,52,3,78,119,77,18,24,11,5,61,5,21,58,41,44,39,52,4,99,37,58,19,17,4,13,2,27,30,47,23,26,55,121,82,14,21,148,114,10,10,8,43,2,1,16,11,109,0,29,2,89,4,38,0,61,22,49,115,119,14,24,38,5,2,86,0,37,14,2,98,17,13,46,110,1,72,19,22,39,0,84,66,12,22,34,22,16,19,72,29,69,104,58,11,22,0,117,59,121,6,22,16,42,9,94,40,6,13,2,22,56,46,71,45,1,20,66,15,66,64,10,6,12,11,18,5,51,16,66,21
0,70,67,81,3,73,28,7,31,120,35,5,96,12,13,25,4,160,0,57,51,28,17,41,23,32,21,1,17,56,9,139,7,46,7,61,33,3,108,118,57,66,27,14,0,57,8,31,93,52,92,33,42,51,119,116,75,21,16,3,15,7,49,37,29,13,16,79,132,77,29,42,191,66,18,24,4,51,3,10,31,18,44,0,85,7,135,30,27,2,33,12,63,72,94,17,53,16,10,0,92,1,45,27,54,111,9,7,38,90,12,124,23,12,52,1,35,20,3,61,106,8,19,11,37,105,67,74,58,3,19,0,115,55,74,8,22,20,14,22,75,29,20,5,15,67,101,74,43,39,1,102,81,14,55,25,20,8,75,20,13,90,21,16,52,6
0,76,27,35,0,194,2,9,19,119,172,7,202,85,0,22,4,281,0,91,64,55,17,84,4,12,11,19,0,163,19,223,5,45,33,41,96,2,136,286,203,11,80,4,7,61,15,37,124,20,54,150,32,2,98,97,194,17,48,2,15,5,34,54,106,16,39,79,161,91,35,68,202,105,12,27,45,217,2,0,74,37,46,0,46,0,213,9,103,1,25,14,71,125,118,31,109,13,17,1,68,4,192,14,8,114,23,6,78,80,12,53,51,14,105,0,128,5,4,34,190,14,7,15,38,60,342,112,71,9,35,1,203,62,203,2,51,19,12,16,145,46,5,12,2,10,11,160,76,58,3,35,60,15,34,29,6,6,35,26,25,5,27,19,38,30
0,159,148,116,2,311,13,24,73,125,277,15,200,124,6,44,16,595,0,366,126,147,42,335,25,34,59,60,149,3,96,455,18,171,74,115,152,8,193,689,295,20,74,26,7,162,30,82,422,110,177,211,90,68,170,234,382,51,131,16,52,7,147,245,141,65,131,214,656,177,7,161,538,345,86,82,73,273,3,0,170,63,192,0,203,25,372,53,215,1,58,42,202,311,139,72,180,38,49,23,165,12,517,15,7,307,80,25,217,262,5,197,56,8,90,4,264,107,15,72,298,21,104,46,36,130,258,225,144,20,52,4,537,201,237,7,83,98,24,30,344,74,26,11,3,105,22,265,179,43,8,80,230,31,58,74,12,17,90,88,85,55,95,63,87,136
0,21,19,15,1,51,5,3,15,8,21,0,28,8,0,6,2,48,0,53,13,15,8,55,3,8,26,2,15,78,0,63,2,5,14,14,20,0,42,83,32,4,26,2,1,42,0,21,43,24,27,13,31,1,31,23,43,21,21,6,13,5,15,41,5,1,37,24,100,43,12,7,94,75,7,4,2,38,2,0,9,7,52,0,35,9,50,2,43,0,17,17,22,72,15,13,4,2,3,2,11,1,35,5,2,44,18,4,31,34,1,30,14,3,14,1,45,60,3,16,56,7,18,7,4,9,30,12,3,5,8,0,117,37,17,0,32,25,4,11,35,36,6,1,0,18,6,28,15,12,0,8,5,10,15,23,2,1,6,6,21,2,38,5,10,21
0,540,274,396,11,652,69,49,81,782,628,29,638,214,15,72,15,904,0,508,517,274,172,540,63,212,144,97,250,386,51,1,67,223,65,442,425,9,579,689,674,247,253,46,23,367,44,145,662,255,447,416,331,77,1080,492,715,177,147,33,62,36,271,219,299,86,203,511,1014,575,126,315,954,640,166,165,101,360,5,14,315,201,341,0,210,31,1259,142,288,0,313,91,449,632,675,106,311,132,82,36,738,17,444,143,92,553,135,60,415,656,59,691,388,127,558,5,390,70,31,360,533,167,122,96,168,443,605,553,275,40,162,9,985,489,633,43,235,109,116,211,860,251,91,63,62,126,430,501,411,458,10,417,681,83,434,216,99,62,168,180,110,89,191,115,383,118
0,29,9,16,0,30,1,2,13,22,15,0,17,5,1,4,5,43,0,24,33,6,9,17,13,15,37,7,6,20,5,74,0,8,4,19,15,1,16,48,32,4,9,3,0,23,3,8,33,9,23,6,6,1,38,12,38,8,6,1,9,0,13,14,23,5,8,24,31,12,7,13,48,24,6,12,2,7,5,1,6,3,37,0,3,9,35,5,13,0,15,11,18,32,36,3,8,13,4,0,40,1,11,3,0,35,8,11,13,32,1,20,10,4,21,0,27,7,2,8,11,6,16,9,16,14,21,21,13,1,10,1,61,13,34,1,9,7,3,7,24,18,2,1,0,13,11,13,21,11,0,14,23,4,20,19,2,3,12,9,3,2,11,6,23,10
0,194,106,91,5,158,25,14,32,141,134,3,155,58,19,41,4,238,0,132,188,74,21,133,19,28,35,45,39,139,7,215,3,0,14,103,99,2,128,198,135,76,80,32,4,71,20,23,139,128,94,90,118,113,138,97,184,28,28,6,16,17,54,72,69,34,46,95,196,103,37,83,230,160,42,82,13,134,0,10,78,40,82,0,100,7,255,19,57,3,31,12,105,124,150,17,102,29,24,9,143,3,127,52,54,115,14,19,54,134,29,174,63,58,51,0,78,6,4,77,118,15,20,21,43,126,154,128,88,10,30,1,160,120,152,16,37,41,23,20,190,16,23,10,20,87,114,159,54,59,3,128,144,15,78,28,38,11,74,46,20,103,41,18,52,35
0,19,41,7,0,59,1,3,23,6,50,2,46,19,0,8,1,80,0,50,13,20,9,61,1,11,8,8,45,62,17,75,5,11,0,8,10,0,32,128,65,0,45,0,0,40,6,61,67,17,24,13,22,0,15,33,45,10,27,2,4,1,14,29,14,4,25,41,80,24,2,22,81,63,1,9,12,102,1,1,11,2,37,0,35,2,64,0,33,0,10,16,15,51,10,6,16,2,1,2,9,2,88,1,0,49,22,3,57,40,1,25,4,1,3,0,37,11,3,16,81,7,16,4,8,3,75,22,15,3,4,0,116,39,28,0,31,15,4,10,58,45,1,4,0,22,2,71,23,7,2,4,15,13,3,12,1,1,2,12,16,0,14,6,15,19
0,264,70,238,7,491,14,25,23,236,226,7,227,66,8,42,9,563,0,155,256,142,96,245,43,68,58,47,59,107,20,483,22,106,14,0,183,4,298,388,266,100,193,30,17,164,25,44,365,154,207,195,135,19,511,219,214,56,55,3,26,32,175,98,133,55,77,239,391,337,157,173,314,163,28,66,27,90,2,2,94,64,156,0,29,9,384,52,124,1,116,21,230,312,285,67,95,46,22,9,318,1,209,122,24,323,11,26,114,368,97,288,109,72,234,0,191,6,10,192,119,85,17,21,79,210,347,338,172,21,91,0,433,273,185,16,141,33,122,135,307,143,20,19,22,43,131,166,218,165,7,145,342,11,181,112,53,47,75,65,22,63,51,24,245,32
0,213,146,167,11,312,28,17,14,298,206,10,329,94,12,35,3,485,0,163,225,109,100,207,27,61,58,53,95,179,10,449,16,101,17,177,0,3,557,315,226,126,122,32,4,145,26,45,275,85,110,179,181,28,304,195,279,53,43,0,54,16,89,79,105,29,89,184,284,222,83,113,307,207,50,39,48,86,2,3,122,84,147,0,64,8,468,30,93,3,60,14,197,216,367,38,137,61,42,21,272,6,152,71,97,238,26,27,107,269,35,328,136,75,152,2,201,33,8,158,183,92,22,33,88,180,238,328,161,15,110,2,309,206,290,27,85,39,69,36,339,54,63,23,30,49,236,224,251,173,2,191,287,17,137,100,46,24,101,83,38,85,61,44,176,14
0,10,6,8,0,2,2,1,4,8,5,1,10,2,0,3,0,6,0,4,1,0,0,4,4,1,1,3,2,8,0,5,0,2,0,1,4,0,6,11,5,2,2,3,0,3,1,2,8,9,6,3,3,16,12,2,13,1,2,0,1,0,0,3,2,1,0,6,5,7,1,1,10,10,1,1,0,6,0,3,4,4,0,0,4,0,19,6,2,0,1,0,8,4,7,2,5,4,4,1,13,0,0,1,3,8,0,1,2,4,0,17,3,1,4,0,0,1,0,3,5,0,1,1,1,12,7,2,5,0,0,0,3,9,6,1,1,2,1,1,8,5,0,0,0,7,4,10,1,3,0,6,12,1,1,1,4,0,7,0,0,8,0,1,1,0
0,307,359,232,26,607,64,30,119,569,301,18,642,89,21,58,8,623,0,260,438,171,174,368,50,116,104,99,126,166,28,641,16,129,30,285,453,3,0,668,391,309,410,51,12,333,26,197,444,160,384,301,472,240,590,296,478,61,113,4,36,31,230,103,144,39,138,307,590,511,241,198,497,410,56,161,59,409,4,19,150,26,211,0,211,12,805,63,221,6,143,44,307,525,414,45,177,64,25,9,511,1,330,296,180,722,44,19,310,493,107,647,189,164,266,4,231,47,6,283,449,100,18,50,148,408,413,463,306,14,114,4,604,503,503,37,131,70,288,84,514,112,95,24,69,157,478,510,204,268,6,476,527,78,291,121,143,12,204,98,38,352,89,75,232,19
0,483,337,314,11,873,35,41,232,500,412,27,547,165,10,87,18,981,0,426,394,307,201,513,56,103,126,101,279,674,95,767,48,210,107,347,286,14,697,6,490,148,333,39,10,315,49,190,700,308,416,418,362,167,596,382,636,103,158,10,34,37,257,213,299,115,230,446,801,431,149,245,790,547,121,109,86,547,6,51,186,109,292,0,223,24,978,120,318,3,152,83,422,627,387,102,289,88,56,33,635,12,933,303,74,757,116,40,405,509,88,741,195,96,208,0,462,104,14,307,672,94,50,71,129,320,584,455,371,36,127,2,909,436,513,43,168,117,176,133,638,194,77,30,45,190,206,583,342,155,10,306,741,56,240,136,81,41,185,125,51,203,140,78,231,115
0,237,242,185,18,391,44,34,65,509,463,19,348,164,18,68,15,515,0,289,359,149,62,351,30,73,91,47,207,315,33,692,38,149,59,260,236,4,370,440,4,173,333,20,6,242,41,152,332,135,328,474,295,30,359,304,501,78,88,18,29,30,173,168,362,49,66,328,643,487,238,174,583,451,86,136,67,378,7,8,236,100,208,0,173,10,690,15,367,3,94,34,270,507,372,98,212,45,37,25,300,21,315,120,64,437,177,26,170,335,86,226,183,76,322,4,274,36,19,155,306,52,33,58,72,211,440,235,159,40,68,8,616,175,471,52,200,45,81,57,327,77,49,30,82,62,279,389,154,281,4,224,234,76,246,97,74,14,128,42,82,85,101,77,198,92
0,60,242,228,12,135,30,13,44,488,74,7,178,20,16,29,1,200,0,66,191,40,16,110,15,172,23,63,18,20,3,294,9,93,1,92,133,3,323,161,198,0,90,15,2,56,6,14,119,150,209,146,394,195,185,128,258,29,21,3,50,17,133,30,36,8,42,177,404,352,61,73,160,235,46,37,3,83,1,19,47,13,20,0,97,1,540,27,44,5,93,2,94,168,205,12,105,29,17,1,271,0,13,77,122,187,9,22,92,223,29,158,120,81,197,5,17,12,8,142,86,12,10,12,37,202,170,184,91,11,24,2,227,134,190,80,58,49,57,22,195,22,45,5,71,85,463,241,27,205,0,271,168,22,355,60,56,0,105,13,11,226,98,36,74,5
0,161,147,139,11,325,18,21,32,248,129,3,244,53,4,23,4,223,0,116,184,70,40,131,20,62,36,31,84,68,27,255,4,70,42,160,132,2,387,347,329,97,0,15,8,119,15,108,178,55,126,183,326,5,353,111,210,36,44,7,15,22,73,37,64,6,51,155,229,292,232,60,228,168,35,71,30,175,2,1,76,30,96,0,43,10,395,22,132,0,62,39,150,257,147,46,40,24,15,3,179,2,220,192,34,230,11,17,122,217,79,130,131,132,152,4,121,42,1,158,200,64,23,26,20,223,177,177,71,5,36,0,397,210,132,30,89,24,314,54,119,90,36,13,49,37,187,288,89,247,1,99,241,38,173,36,81,13,50,21,27,67,40,49,77,15
0,28,24,30,1,19,7,3,19,30,57,3,59,7,1,6,4,26,0,31,28,13,10,11,5,5,19,17,2,32,0,50,4,28,3,17,16,1,46,52,21,17,8,0,2,25,4,4,34,38,42,37,25,56,42,21,83,11,5,1,4,4,9,7,14,13,5,14,37,27,10,15,49,29,18,5,2,47,3,1,20,7,19,0,32,3,53,8,5,0,14,3,22,19,41,6,26,13,3,1,46,0,7,10,9,44,1,3,14,36,7,92,12,11,19,0,13,1,3,32,46,6,0,19,23,45,62,14,17,2,4,0,35,30,27,0,8,2,7,7,92,3,6,5,5,29,30,34,10,10,0,75,43,5,17,13,23,3,22,8,2,37,12,9,17,3
0,6,5,5,0,18,1,3,3,8,7,1,7,4,1,4,1,20,0,11,9,10,5,7,1,2,0,0,3,8,0,20,0,1,3,9,2,1,2,16,4,2,10,1,0,5,2,1,15,7,4,14,9,4,12,6,18,0,10,0,1,0,1,5,1,1,3,7,13,9,1,3,12,11,3,2,1,20,0,3,4,4,4,0,3,0,16,1,0,0,3,2,11,9,55,3,4,0,3,0,18,0,16,4,2,15,3,0,4,14,4,23,4,5,2,1,13,2,0,14,11,4,1,2,7,16,9,10,5,2,7,0,14,4,9,0,3,4,4,0,15,5,2,0,2,3,8,7,3,7,0,8,21,0,5,7,1,0,3,3,1,6,1,4,5,0
0,291,96,171,5,272,26,32,42,142,175,10,182,68,4,24,7,406,0,144,164,96,52,163,39,69,89,50,60,148,22,413,23,97,28,149,124,7,374,300,232,47,142,28,9,1,11,77,339,121,237,127,111,27,331,124,266,70,56,7,27,28,138,60,78,22,42,184,318,194,44,151,347,139,72,56,27,149,5,2,76,56,176,0,98,5,304,68,107,2,81,41,166,191,164,50,91,66,34,2,249,3,226,60,30,236,29,33,140,290,24,192,72,30,126,4,137,22,18,115,246,68,49,34,62,205,197,222,84,14,48,4,319,142,227,11,73,40,45,93,232,85,24,20,18,45,126,168,186,96,1,77,258,39,168,101,30,27,107,36,41,51,68,40,145,34
0,16,33,13,0,48,1,9,13,37,67,3,50,5,5,10,2,46,0,33,26,35,2,29,3,2,1,5,11,32,2,61,1,17,4,16,14,1,23,55,58,10,13,6,2,7,0,6,20,37,70,61,21,26,81,12,63,12,9,3,3,3,20,63,5,8,13,34,57,20,3,11,16,55,6,17,20,93,0,11,21,5,5,0,20,1,114,13,6,0,13,2,26,52,26,4,38,2,3,0,48,0,29,42,6,87,29,3,38,32,10,81,9,6,11,0,50,1,0,30,21,5,0,2,1,19,58,26,29,2,8,0,49,33,15,2,5,4,5,3,92,7,1,2,3,10,20,21,12,6,2,14,51,8,12,7,9,5,9,15,9,18,13,5,6,52
0,22,108,22,3,215,11,15,101,21,36,4,113,35,2,24,6,222,0,85,49,62,66,229,7,23,36,18,46,76,32,168,6,25,60,42,37,2,194,198,145,7,105,3,3,105,3,0,247,35,55,41,94,8,27,139,70,26,91,9,17,5,53,54,30,11,104,123,177,48,7,113,177,192,19,26,12,233,3,3,18,6,160,0,140,6,146,2,65,1,18,48,52,128,48,19,40,4,5,6,64,8,206,23,8,40,57,12,131,97,7,161,18,9,16,0,94,17,6,65,250,16,45,34,27,19,74,87,42,0,41,2,263,156,67,5,50,30,22,27,99,71,14,6,3,47,17,119,64,12,11,43,57,67,17,39,7,9,6,72,41,8,12,17,10,8
0,446,224,245,12,381,22,30,90,400,229,11,410,56,12,73,10,819,0,372,347,203,173,567,33,76,58,86,81,335,43,642,35,133,48,344,233,6,463,726,302,121,190,29,13,271,24,217,1,205,404,185,300,35,392,302,390,101,174,8,63,34,237,196,124,103,174,388,855,310,38,253,465,322,142,99,56,305,6,11,250,109,273,0,149,57,575,122,103,2,102,58,299,381,370,109,171,77,90,7,522,7,541,60,50,438,104,45,273,468,23,774,168,67,206,6,231,45,10,238,360,105,123,70,68,339,407,468,234,35,133,2,744,360,250,32,109,84,47,107,546,163,63,25,50,131,192,239,259,121,10,142,584,90,330,154,39,69,182,157,89,44,77,54,237,92
0,115,209,121,8,184,32,9,99,269,148,6,231,33,10,46,5,222,0,139,275,59,33,111,18,31,34,56,27,122,20,220,14,108,10,126,53,13,188,302,148,181,50,42,6,129,25,34,198,1,133,82,151,272,241,103,185,38,55,4,27,5,79,75,57,19,60,135,225,185,36,77,248,202,36,68,15,195,5,22,40,34,71,0,139,7,352,57,53,5,71,15,94,152,129,30,107,32,7,1,250,2,83,155,69,320,21,14,82,163,34,315,55,44,64,3,85,56,9,87,149,32,28,27,36,142,178,120,100,8,36,1,224,178,129,13,63,44,33,26,244,48,32,11,24,166,233,132,58,89,2,297,261,14,123,60,53,28,100,33,19,207,64,18,66,34
0,283,268,254,12,338,24,19,112,442,265,27,328,71,19,69,9,438,0,208,260,126,66,226,24,91,52,64,52,192,16,518,30,112,21,220,116,6,455,450,276,244,113,51,7,231,60,51,439,150,1,253,283,201,566,178,411,52,52,11,23,20,218,176,113,42,71,259,593,346,81,151,354,301,96,203,48,222,4,36,111,28,142,0,121,18,685,126,107,3,131,24,306,343,317,53,168,63,27,7,481,3,182,244,54,414,40,14,239,403,45,438,95,69,161,3,151,16,6,265,217,48,53,39,44,262,386,272,149,22,52,0,406,336,176,32,80,46,104,94,458,78,42,16,61,140,312,253,145,163,1,300,473,31,283,103,65,40,127,65,55,221,88,37,193,64
0,93,106,140,6,243,12,26,14,247,585,17,198,125,4,28,10,398,0,426,239,124,43,195,24,49,32,23,130,241,13,453,13,112,19,159,166,2,301,414,456,121,201,42,7,129,50,35,173,84,236,0,229,37,215,81,514,35,62,14,13,21,127,188,107,30,59,169,367,295,145,81,280,207,88,90,111,220,1,6,205,29,98,0,138,1,368,12,154,0,28,12,154,367,219,60,164,39,23,3,201,6,250,66,20,277,70,10,131,318,52,131,91,53,135,1,278,6,12,112,233,33,11,31,54,135,351,212,144,32,57,3,399,94,241,29,100,35,49,33,562,36,31,29,56,27,185,284,107,152,5,106,152,27,173,54,67,4,31,55,33,22,68,43,111,114
0,168,410,205,27,221,20,15,133,1406,96,16,242,32,10,99,1,334,0,254,271,61,70,242,40,136,47,41,36,92,30,340,17,108,24,133,152,9,463,420,313,388,291,17,7,138,18,78,331,178,272,288,1,146,314,103,347,50,47,5,30,17,137,79,70,14,127,285,584,505,78,108,285,372,84,152,9,160,4,31,55,30,131,0,108,10,827,41,109,2,87,30,184,302,236,16,114,44,27,11,414,1,129,111,121,337,16,17,120,364,35,251,142,120,202,3,58,75,1,226,189,26,15,38,37,256,284,246,86,18,26,1,503,241,227,101,110,34,140,44,221,62,114,13,139,111,528,428,68,277,2,264,352,61,520,63,84,11,139,35,37,388,73,59,117,16
0,40,203,84,1,82,27,1,146,303,109,11,209,0,14,39,0,90,0,42,49,24,12,11,32,10,2,48,1,43,1,84,2,107,0,22,28,19,202,154,36,206,5,57,5,23,30,7,35,216,181,46,116,2,170,38,98,17,23,0,6,2,46,37,36,3,13,76,90,84,7,39,150,155,31,91,3,215,1,76,14,4,2,0,128,5,318,76,15,2,73,2,54,34,93,6,116,11,2,0,239,0,9,150,41,298,4,3,53,71,16,344,8,12,10,0,6,2,1,136,64,1,7,24,17,101,165,17,72,2,4,0,69,88,23,2,4,10,14,5,212,5,28,1,11,216,131,77,4,5,1,297,277,3,46,22,51,1,100,10,5,226,20,4,9,2
0,621,214,427,8,862,26,42,58,528,224,19,567,47,25,50,6,881,0,134,438,173,120,243,85,100,112,83,98,133,18,1187,39,127,17,490,287,16,569,717,401,178,378,48,16,294,75,38,433,248,445,267,291,198,0,189,417,132,52,7,49,58,212,121,202,67,84,393,513,578,349,204,612,184,81,123,29,270,3,40,203,103,228,1,52,13,703,157,210,10,257,21,571,509,567,122,240,120,77,15,722,4,189,600,100,798,14,28,278,486,263,594,218,185,313,4,191,22,17,381,290,132,14,28,117,471,552,452,246,19,68,2,696,804,296,30,146,23,387,233,466,250,65,43,25,93,313,371,236,325,4,244,1420,29,259,161,133,50,209,57,43,145,117,52,388,15
0,219,187,142,4,519,21,23,60,410,263,9,361,100,16,46,7,648,0,169,195,134,70,410,28,84,53,126,125,273,31,620,13,149,52,196,189,2,391,464,316,117,144,23,14,143,15,169,394,97,201,104,111,32,213,0,248,50,89,8,30,31,132,98,126,42,135,272,424,195,56,208,554,273,52,78,18,293,1,3,141,66,159,0,105,23,521,33,158,2,70,39,167,267,264,49,207,27,22,19,184,8,396,58,117,313,50,25,197,237,25,331,132,61,202,3,147,33,6,125,236,37,15,26,60,218,251,360,171,10,86,2,523,354,331,17,89,40,49,76,426,96,40,12,17,73,227,242,141,177,7,179,208,34,109,61,42,30,133,73,50,106,62,43,167,27
0,270,179,233,15,207,27,37,50,341,521,27,390,225,8,57,9,510,0,471,285,187,69,274,37,111,46,57,177,329,21,671,21,136,48,176,223,14,378,496,419,177,182,64,6,214,48,67,340,146,309,409,278,66,326,169,0,80,95,17,23,26,154,193,116,73,116,236,587,261,88,111,445,575,215,81,92,240,4,7,110,79,207,0,331,9,822,86,211,1,113,23,235,425,344,49,134,74,35,4,322,5,317,46,97,356,102,27,255,372,33,335,239,124,268,6,274,49,15,182,365,74,44,95,102,286,356,333,188,34,82,3,484,197,417,33,108,74,93,48,517,60,58,23,64,107,303,451,227,279,4,316,284,36,268,91,82,22,224,60,43,127,97,75,163,184
0,79,47,59,1,67,10,14,9,72,64,3,55,21,3,26,2,102,0,62,60,38,18,64,13,33,25,23,24,52,17,172,13,21,3,61,39,2,47,88,85,23,53,8,2,54,11,18,127,36,68,34,48,9,110,37,95,0,16,7,20,15,43,41,35,11,19,45,121,79,22,51,85,62,27,41,11,34,2,5,52,24,50,0,25,12,146,24,29,0,43,14,71,85,79,16,27,15,16,2,57,2,43,25,7,107,11,6,45,62,17,92,41,16,57,2,51,8,2,59,55,25,41,31,15,77,73,65,29,6,25,0,141,44,52,5,34,17,25,39,86,40,10,6,4,18,23,52,60,54,0,46,67,12,42,44,17,8,31,26,29,17,26,13,57,24
0,43,49,40,0,117,5,14,55,51,81,4,136,37,0,17,1,133,0,110,49,36,32,141,9,16,25,13,42,128,12,165,12,53,29,58,47,3,94,148,85,13,36,17,4,65,6,73,172,53,59,60,45,28,52,78,101,16,1,7,15,5,46,56,21,16,37,149,151,61,29,68,157,122,26,25,10,122,1,0,36,11,74,0,70,9,99,8,58,1,23,21,45,90,75,24,28,8,4,3,57,2,112,5,7,87,36,20,87,66,9,113,30,13,35,1,64,26,2,46,120,22,29,19,9,59,75,69,45,9,19,0,187,102,87,3,35,27,18,22,111,36,19,6,0,42,22,81,59,38,2,57,54,20,19,14,9,5,45,34,37,30,29,18,31,28
0,4,4,2,0,2,2,3,5,3,4,0,7,1,0,3,0,4,0,9,7,7,8,10,0,3,8,1,4,13,3,25,1,5,1,3,4,0,8,8,18,2,2,0,0,5,1,13,18,5,6,10,8,1,5,8,8,4,5,0,0,1,4,12,0,1,5,8,21,12,1,5,12,21,1,4,7,19,0,0,12,2,6,0,11,3,12,0,8,0,0,7,15,21,2,3,6,0,1,0,3,0,13,2,1,7,7,2,15,7,0,1,1,2,1,0,10,4,2,3,10,2,9,2,1,1,16,8,8,2,7,0,17,1,5,0,8,2,2,0,16,9,3,1,0,3,6,3,3,3,1,1,4,5,8,5,1,0,1,2,9,0,3,1,2,14
0,15,33,25,1,24,11,9,7,35,21,2,29,8,1,4,2,69,0,36,18,6,6,40,2,11,17,13,6,47,18,65,6,15,4,27,54,2,20,50,40,44,21,1,1,25,2,7,37,23,27,16,41,3,46,24,43,18,18,2,0,3,17,35,14,2,29,26,83,40,13,24,89,78,8,4,3,12,1,2,23,14,40,0,29,6,53,3,14,0,13,5,24,46,101,12,19,5,4,1,33,0,22,6,19,30,10,5,17,40,1,21,28,11,23,1,16,28,2,22,9,5,20,7,7,25,31,30,18,2,7,1,84,22,30,6,19,23,11,10,24,17,6,3,1,22,36,22,18,23,0,30,32,10,23,17,10,7,27,5,11,29,15,7,19,16
0,26,4,22,0,35,4,3,0,20,13,0,26,4,3,6,0,37,0,13,24,14,7,6,3,15,5,5,6,2,1,41,2,8,1,30,9,0,27,37,24,10,23,0,0,23,2,9,23,12,10,25,18,3,32,19,27,12,8,0,1,0,5,13,7,3,9,10,20,22,44,13,43,21,6,1,3,16,0,0,19,11,10,0,4,2,33,5,8,0,3,4,28,26,33,7,9,5,4,0,20,0,4,10,5,23,1,1,5,14,11,57,16,11,33,1,20,1,1,21,24,1,4,3,2,24,29,19,14,2,9,0,36,29,15,1,8,3,6,15,10,10,6,3,3,3,12,25,11,14,0,11,31,3,9,13,14,3,12,13,4,5,12,5,13,4
0,200,127,118,5,186,7,16,54,227,178,12,138,39,3,40,4,253,0,119,109,90,49,123,33,61,41,39,40,118,10,258,13,51,24,144,68,5,241,270,159,104,66,21,0,128,19,39,272,76,204,98,145,67,222,114,167,47,32,4,13,15,0,47,62,20,42,163,332,145,34,94,219,172,44,62,17,90,4,14,73,25,106,0,86,17,292,59,82,1,43,26,119,149,77,31,71,46,29,3,198,2,130,59,34,214,17,5,139,198,11,200,35,15,82,3,91,12,7,90,141,30,51,18,41,152,187,184,96,11,32,1,253,108,145,11,54,24,17,53,194,57,27,12,27,59,139,108,152,88,3,113,205,16,117,79,27,29,71,40,43,101,25,25,97,49
0,67,105,52,3,140,12,10,64,95,192,10,111,47,1,32,9,247,0,218,129,103,44,167,14,29,42,26,45,216,30,278,8,50,30,91,77,0,122,198,208,24,39,8,6,72,47,52,221,75,133,167,72,37,122,87,262,42,38,12,33,6,72,1,21,47,75,130,410,96,36,51,241,243,24,44,92,186,1,33,93,22,88,0,112,21,216,25,62,0,41,21,121,224,138,29,100,23,7,3,114,1,133,23,4,196,129,15,108,230,15,141,35,16,54,2,171,53,13,91,87,31,46,18,26,47,223,161,106,15,53,3,284,118,99,9,44,49,7,64,328,41,14,13,6,54,65,66,69,39,17,69,143,24,79,51,17,11,24,48,55,26,61,26,65,104
0,99,73,69,2,189,11,22,27,144,108,8,169,95,6,29,3,289,0,75,115,46,55,109,30,24,44,25,99,123,8,276,23,68,18,127,95,1,131,311,323,37,60,21,4,74,8,29,129,58,84,113,73,42,204,97,148,40,29,2,18,12,63,24,1,17,27,118,127,107,42,95,276,107,26,57,13,107,2,10,55,43,125,0,43,1,235,31,88,0,59,5,97,144,166,28,117,43,5,10,144,10,132,42,21,132,2,15,59,154,24,140,56,25,81,2,83,6,7,71,117,19,10,30,91,99,125,120,60,12,27,0,180,97,291,6,50,19,11,44,157,27,16,18,4,47,76,124,94,59,0,82,144,17,58,57,31,10,58,20,15,45,22,34,102,9
0,81,23,33,0,60,2,4,6,36,57,2,35,7,1,12,1,91,0,58,40,40,18,54,10,3,25,11,15,64,0,100,4,28,14,53,34,3,34,126,41,5,5,3,2,30,8,6,114,18,47,38,21,3,65,21,79,5,18,2,0,1,23,37,18,0,18,34,100,19,7,17,69,50,6,7,17,26,0,0,22,8,42,0,23,0,84,4,13,0,17,3,56,76,30,9,27,20,12,0,69,0,47,10,5,88,14,5,54,58,1,47,15,6,21,2,63,1,1,20,31,15,2,3,25,48,64,73,41,10,17,0,92,49,36,3,4,9,5,10,89,14,4,5,2,6,17,41,40,17,1,9,73,1,23,20,1,3,21,19,10,6,11,8,26,33
0,32,59,36,1,135,7,10,33,54,75,3,102,41,1,31,7,217,0,107,63,48,58,147,5,29,36,14,30,107,52,182,7,48,30,57,66,3,115,186,76,38,45,7,3,51,14,76,167,51,62,35,75,16,83,97,113,16,52,0,23,11,38,85,19,16,0,63,176,85,8,39,153,178,17,49,26,108,1,6,20,12,84,0,69,8,134,5,42,0,41,24,47,140,76,5,36,5,2,9,60,4,114,23,9,84,34,8,91,133,3,142,32,17,41,0,86,31,3,39,106,27,34,14,12,23,93,83,56,7,56,1,180,177,88,4,46,77,16,17,159,58,7,2,6,20,46,94,65,38,5,40,54,24,54,31,8,10,32,43,23,15,52,30,29,33
0,258,314,207,9,333,26,15,109,441,255,10,330,109,16,54,11,498,0,200,236,114,58,237,33,123,83,73,75,232,39,573,18,128,28,233,167,7,352,512,288,166,147,21,8,213,33,110,459,128,279,208,267,96,417,219,361,72,126,8,36,13,188,123,111,56,71,3,527,408,46,364,457,282,54,85,64,243,2,23,169,70,187,0,126,7,594,88,164,5,119,23,186,270,295,62,182,52,52,13,397,5,278,135,60,407,65,26,206,313,35,301,114,47,248,5,138,55,5,161,212,49,26,41,44,206,357,251,131,22,66,2,539,238,334,36,80,61,34,86,369,79,30,10,89,97,297,262,125,151,7,195,299,39,252,121,41,28,116,36,60,122,145,36,245,46
0,358,390,399,19,472,34,34,147,832,484,33,391,137,12,121,13,821,0,426,453,241,88,438,36,290,159,120,140,641,92,1078,40,179,60,433,302,12,551,760,652,378,243,44,14,349,57,170,946,233,599,392,605,110,625,375,732,103,136,24,81,20,290,394,111,83,194,556,5,817,70,287,744,623,121,166,88,304,7,13,320,138,263,0,304,25,1218,74,292,4,283,64,450,666,479,111,247,77,66,8,587,5,497,150,124,800,156,40,492,672,47,349,233,122,559,8,255,120,11,258,315,58,98,64,77,415,638,467,219,43,110,5,1053,440,475,92,204,146,118,144,705,154,113,32,110,200,939,445,223,441,14,381,456,77,763,170,101,48,220,90,118,220,288,84,317,164
0,296,237,267,11,547,54,30,126,693,272,11,321,48,14,27,4,658,0,190,339,116,55,186,30,211,102,88,59,149,46,552,17,101,8,371,215,5,478,443,519,317,287,34,10,184,24,47,339,162,350,350,468,81,616,188,319,71,79,12,47,33,187,86,111,31,89,393,831,1,197,114,453,276,67,114,20,189,5,1,231,122,125,0,117,10,1400,48,215,1,144,32,279,430,412,124,141,41,67,10,627,3,118,209,78,618,23,22,254,400,119,264,192,118,449,0,152,66,7,186,148,34,22,24,47,346,484,226,135,16,64,1,660,278,298,72,178,54,186,52,414,103,79,23,83,91,519,351,89,385,3,267,455,39,446,102,100,16,86,34,50,125,173,28,228,18
0,110,43,70,1,239,9,13,5,130,119,2,131,33,3,19,1,64,0,57,125,36,15,33,7,23,13,25,34,12,13,135,5,37,4,128,74,6,183,137,238,61,217,6,3,57,11,14,46,41,54,130,89,17,301,40,105,17,23,1,12,40,29,29,54,6,17,52,61,197,0,24,84,82,17,54,0,34,0,1,67,28,37,0,18,7,201,9,142,2,35,1,144,228,195,46,27,12,7,5,135,1,11,175,24,165,2,8,30,61,89,84,109,90,106,0,67,9,2,105,31,44,3,12,14,91,205,61,66,6,11,0,163,112,33,3,56,24,220,19,51,30,25,12,14,14,69,126,24,137,0,120,160,6,26,26,42,1,19,9,10,45,24,8,88,3
0,158,296,146,1,297,21,9,52,140,118,12,126,46,13,18,4,366,0,91,107,65,17,209,21,41,33,40,67,173,15,350,17,73,15,184,101,5,190,228,186,85,66,16,6,152,9,105,286,78,133,78,126,53,232,194,130,33,79,4,32,11,107,54,104,14,43,461,318,141,18,0,379,216,29,41,14,162,3,7,53,27,156,0,108,8,237,32,78,1,67,22,132,84,116,22,122,40,14,16,163,5,235,28,40,115,30,14,101,198,18,206,35,17,37,1,77,4,3,172,192,19,21,25,55,79,118,209,94,12,19,1,320,129,193,10,37,31,10,119,139,75,18,10,8,97,119,152,110,50,6,126,158,47,142,65,33,41,60,35,36,83,25,44,120,14
0,390,279,297,9,622,46,43,138,428,339,19,422,175,11,67,15,759,0,439,362,235,86,517,51,97,200,176,188,538,82,1104,45,228,78,338,308,12,463,757,549,192,223,42,16,349,24,166,496,220,337,289,257,174,556,445,527,89,124,10,79,53,233,225,246,73,168,440,745,423,105,326,5,809,143,128,48,364,9,49,205,80,322,0,225,18,759,118,311,10,176,51,301,476,366,116,311,83,63,35,426,15,458,123,94,521,77,57,230,461,85,481,170,90,225,3,262,128,12,248,635,67,33,74,131,314,521,372,245,33,66,2,785,389,491,17,138,118,128,149,436,165,37,34,41,234,329,565,263,198,5,330,415,62,280,206,88,39,237,72,96,333,151,80,230,60
0,148,283,166,10,250,35,29,155,283,239,17,279,97,13,78,14,335,0,278,258,115,94,338,30,96,111,53,98,302,64,615,37,135,53,126,172,9,327,530,395,219,163,33,5,130,40,172,309,192,274,194,234,152,139,207,575,54,104,20,62,21,137,182,101,41,165,262,524,240,56,135,762,1,52,111,82,299,9,40,106,47,204,0,507,16,463,22,155,13,130,61,169,410,283,35,168,44,14,14,332,11,199,49,98,363,149,12,235,293,17,312,146,83,141,6,236,83,17,126,343,30,113,76,65,183,296,188,162,32,56,1,539,217,288,22,128,121,75,59,367,71,55,20,37,203,273,323,123,165,3,307,229,63,236,82,62,9,289,59,53,168,143,75,113,134
0,116,35,83,3,49,8,10,12,44,109,4,114,22,4,33,1,54,0,64,96,13,11,99,6,20,7,15,12,81,4,199,6,34,6,33,37,3,70,96,83,34,39,26,1,78,3,18,144,41,95,122,94,32,71,37,238,31,16,3,7,11,76,12,21,8,13,64,132,72,12,21,147,74,0,34,2,37,1,0,23,40,45,0,35,3,197,80,40,0,25,9,91,74,81,12,34,53,17,4,111,4,70,7,10,124,2,12,41,89,4,130,22,15,44,2,25,8,2,36,115,15,31,7,4,133,106,119,39,10,19,2,91,32,67,8,29,12,8,7,106,10,15,7,16,39,53,84,52,51,0,58,142,15,85,46,17,7,150,8,22,22,25,11,59,12
0,46,107,39,6,105,17,15,45,166,92,3,85,30,0,22,2,130,0,68,61,28,20,87,2,26,15,23,26,67,8,162,8,70,4,43,36,2,150,110,151,28,75,12,6,57,15,28,78,78,195,63,132,86,103,79,83,34,30,3,10,7,53,35,44,7,39,65,116,133,46,47,131,123,27,0,6,83,3,22,48,25,36,0,42,10,216,21,64,5,44,14,46,99,31,21,48,14,6,10,91,8,64,50,30,147,8,9,36,67,32,78,57,24,62,1,40,20,3,44,34,14,25,18,15,80,96,52,45,1,28,0,155,89,64,31,53,18,35,7,72,31,34,6,14,40,91,64,28,59,1,155,66,16,76,15,41,5,40,19,18,67,37,31,40,9
0,27,28,13,0,69,3,11,2,12,111,7,47,27,0,13,9,135,0,70,79,62,24,60,3,4,14,8,55,98,0,126,7,25,5,34,57,1,84,114,95,9,32,2,5,26,26,17,55,18,52,151,5,0,38,32,159,7,11,5,4,4,31,114,10,13,41,67,126,16,2,23,65,95,4,6,0,99,0,0,59,6,18,0,22,2,82,3,23,0,13,4,34,82,37,4,51,3,5,1,46,0,116,6,1,34,65,5,47,160,5,56,4,3,14,4,125,9,7,29,89,22,5,6,23,2,70,124,35,6,54,2,64,37,63,0,14,8,5,13,201,12,3,8,2,1,14,54,90,4,3,2,49,11,20,15,2,2,7,22,8,2,20,18,58,91
0,128,278,137,3,437,58,23,195,305,324,20,474,112,26,66,10,430,0,231,138,170,123,373,45,31,54,71,213,305,45,396,7,136,94,118,89,11,420,574,328,103,183,61,13,152,85,231,340,255,280,266,192,313,334,246,392,66,128,14,19,26,112,185,129,28,144,275,375,219,51,160,438,405,56,115,93,1,3,65,132,24,158,1,229,9,730,92,147,11,92,49,143,293,251,46,246,30,12,2,330,4,402,235,42,333,119,18,286,268,39,774,28,49,65,5,268,34,19,195,388,28,34,52,72,211,299,125,158,13,66,0,394,343,250,7,72,53,50,41,534,104,29,13,11,249,161,332,94,47,5,303,320,79,59,61,88,10,107,67,73,216,93,32,42,109
0,1,0,0,0,2,0,0,0,1,5,0,1,1,0,0,0,3,0,3,2,0,2,2,2,3,0,5,0,2,1,5,1,0,1,1,1,0,1,1,8,0,1,0,0,2,2,3,2,4,0,1,1,2,3,1,3,1,0,1,1,0,0,1,0,1,0,2,4,2,0,2,3,3,1,3,1,2,0,0,0,1,6,0,1,0,1,0,1,0,1,2,1,3,2,0,1,2,0,0,3,0,0,0,0,1,2,1,3,2,0,1,0,0,2,0,2,0,0,1,3,0,1,1,2,2,1,1,1,0,0,1,1,3,4,0,2,0,0,2,1,0,0,0,0,0,2,0,5,2,0,1,1,1,3,4,0,0,0,2,1,0,1,0,2,1
0,5,55,14,1,1,2,1,66,111,25,1,40,0,4,47,0,11,0,0,5,13,7,3,3,3,1,13,2,2,0,25,1,9,1,3,2,3,29,52,4,32,0,8,0,3,13,1,26,39,36,9,48,100,48,4,13,2,0,0,2,3,12,35,9,3,8,31,19,5,4,10,51,61,3,28,0,64,1,0,5,4,0,0,47,1,78,32,3,2,17,0,12,7,35,2,25,10,0,0,47,0,5,35,2,64,3,0,10,1,7,58,6,4,0,1,0,0,0,45,2,0,1,4,4,12,44,4,2,0,1,0,15,25,8,1,1,5,2,0,23,1,3,1,1,47,56,22,1,3,0,61,52,3,6,13,11,0,91,2,0,50,6,0,2,0
0,272,74,104,2,133,22,15,10,427,117,6,192,35,17,37,1,410,0,107,147,108,28,121,34,65,25,44,73,140,13,320,6,68,5,108,128,3,137,235,228,51,96,19,6,104,17,25,259,63,97,199,76,12,229,130,122,45,50,10,29,18,63,71,86,18,30,182,343,259,73,62,254,151,37,68,53,134,3,4,1,114,62,0,64,21,311,23,73,2,45,13,162,185,301,67,86,20,44,3,162,3,127,45,36,212,17,7,114,157,34,192,196,61,233,6,95,25,11,56,55,20,33,44,25,171,260,172,78,17,76,1,302,88,208,19,65,23,32,25,321,35,23,17,28,26,106,134,61,75,6,102,192,25,103,46,41,10,89,47,29,28,55,22,130,94
0,125,17,58,2,56,11,4,4,126,98,2,97,34,8,19,4,114,0,40,128,49,9,47,21,40,22,18,32,60,5,174,9,38,1,99,79,2,30,98,94,10,33,10,1,61,3,2,106,32,32,44,27,4,115,71,91,30,29,4,8,11,23,20,42,16,14,60,102,85,26,28,76,51,27,20,5,27,1,1,109,0,39,0,19,4,214,26,40,1,26,5,62,83,221,50,31,19,35,2,92,3,50,10,13,136,4,6,45,48,12,119,89,16,141,1,61,5,2,35,43,24,6,21,27,94,101,99,39,4,42,5,146,39,125,3,32,7,19,14,82,24,14,10,8,8,37,49,39,81,2,116,94,10,23,49,13,3,57,14,8,9,26,15,65,3
0,166,94,109,0,331,7,36,60,60,135,10,155,53,1,25,7,370,0,140,152,101,83,242,38,32,121,31,73,169,48,325,38,68,37,181,121,0,230,313,212,23,101,11,7,176,7,158,285,83,136,92,121,0,257,142,255,58,68,6,30,5,109,79,105,32,85,179,286,153,28,135,378,190,55,35,22,167,1,0,53,36,0,0,94,5,256,36,98,2,85,32,153,220,177,36,86,42,16,7,277,10,253,22,4,156,39,23,148,212,12,272,34,17,74,5,140,51,14,126,223,76,20,79,100,115,155,191,107,22,29,1,457,196,207,9,58,37,55,74,203,60,24,20,3,57,16,130,152,59,3,35,309,55,74,94,16,25,23,61,56,7,70,29,144,32
0,0,0,0,0,0,0,0,0,0,0,0,0,0,0,0,0,0,0,0,0,0,0,0,0,0,0,0,0,0,0,0,0,0,0,0,0,0,0,0,0,0,0,0,0,0,0,0,0,0,0,0,0,0,0,0,0,0,0,0,0,0,0,0,0,0,0,0,0,0,0,0,0,0,0,0,0,0,0,0,0,0,0,0,0,0,1,0,1,0,0,0,0,0,0,0,0,0,0,0,0,0,0,0,0,1,0,0,0,0,0,0,0,0,0,0,0,0,0,0,0,0,0,0,0,0,0,0,0,0,0,0,0,0,0,0,0,0,0,0,0,0,0,0,0,0,0,0,0,0,0,0,0,0,0,0,1,0,0,0,0,0,1,0,0,0
0,80,178,101,6,40,33,14,57,257,121,10,167,36,13,15,4,112,0,175,85,63,16,113,15,32,51,69,47,161,40,217,3,92,24,47,75,6,182,216,166,108,62,26,5,103,11,99,128,105,131,146,96,143,47,86,387,25,56,11,25,11,70,100,28,5,81,133,287,96,30,74,198,550,35,42,23,214,0,42,74,22,90,0,1,6,249,20,55,7,35,21,58,149,133,19,90,13,8,2,122,2,100,14,91,160,59,17,69,150,22,227,54,43,29,3,81,36,7,90,151,14,49,39,53,120,183,67,93,14,9,0,177,75,104,11,44,59,25,13,188,36,24,5,35,169,179,201,71,42,2,236,93,33,94,35,47,7,162,32,43,294,46,32,34,64
0,11,11,11,1,5,3,1,2,9,6,0,4,0,0,6,0,10,0,31,2,4,6,5,2,15,8,7,1,40,5,30,6,1,3,1,4,0,15,18,11,4,11,3,0,2,2,10,44,8,16,4,16,5,11,3,11,13,8,4,11,1,23,24,2,0,12,8,23,13,3,13,11,40,7,13,4,12,0,1,17,0,1,0,9,0,17,3,7,0,13,5,6,19,10,3,4,3,2,2,9,0,1,2,5,17,0,3,14,16,0,11,3,2,5,0,24,4,6,6,11,3,32,4,2,8,12,9,3,1,1,0,38,12,7,1,15,14,1,1,33,10,1,0,3,14,9,6,7,23,1,10,4,2,19,4,3,7,14,16,16,13,4,2,5,14
0,567,630,449,22,642,48,42,151,1226,530,21,708,156,33,54,7,1262,0,320,451,243,71,486,75,231,72,122,196,357,45,1327,30,252,66,313,385,22,727,952,663,421,380,48,19,266,68,123,546,327,585,397,739,364,623,379,946,119,108,19,80,42,251,221,193,88,130,584,1186,1312,211,212,876,583,176,199,78,648,5,49,305,191,219,1,344,25,1,183,259,9,220,56,433,598,737,131,463,80,105,26,887,8,426,292,235,916,109,30,411,571,67,710,250,143,648,5,244,53,11,322,376,76,25,50,77,642,731,477,258,38,185,1,1525,470,591,79,198,77,204,93,706,184,116,37,118,226,721,570,209,501,4,614,773,71,516,130,142,16,468,66,69,648,196,69,350,93
0,135,83,58,3,115,3,1,38,127,53,4,121,11,5,18,2,88,0,25,50,18,14,66,11,10,4,15,11,42,4,116,3,15,3,63,36,2,59,103,31,35,23,6,4,57,15,9,131,55,134,10,47,99,181,31,86,20,9,4,6,6,71,23,25,10,7,73,91,43,22,29,106,49,81,22,2,82,0,32,26,24,37,1,22,0,180,0,14,1,43,5,64,30,56,13,53,39,17,1,140,1,70,68,14,143,5,5,57,74,3,167,16,7,25,2,17,1,0,41,118,20,23,5,6,117,108,78,27,3,7,1,77,55,39,0,7,3,10,17,72,22,11,10,2,43,49,53,55,22,0,65,187,8,29,30,11,8,75,6,11,47,19,6,43,1
0,118,70,101,1,265,9,24,65,182,223,15,183,147,2,43,3,324,0,155,106,60,28,165,13,35,39,41,112,221,35,384,9,69,46,146,120,1,217,344,472,29,157,15,6,102,6,61,157,76,124,205,112,11,229,168,234,40,59,7,20,9,76,68,115,14,70,187,322,261,158,100,351,192,49,79,23,152,5,5,80,47,111,0,73,4,312,22,1,0,39,25,170,257,241,68,105,15,20,23,119,9,244,92,13,216,24,15,129,159,71,94,96,36,153,1,136,55,3,92,179,25,31,29,31,93,233,134,85,9,45,3,366,125,197,7,111,45,76,35,158,59,13,13,10,30,63,215,77,151,2,109,93,30,55,48,29,7,49,31,40,15,58,31,137,36
0,10,11,7,0,7,4,0,1,16,4,0,10,0,2,0,0,6,0,1,3,1,0,0,0,1,0,7,0,0,0,2,0,3,0,1,0,0,13,3,2,7,0,1,1,1,2,1,1,4,5,0,2,9,11,1,2,1,1,0,0,0,3,1,1,0,0,5,8,0,1,3,9,7,0,1,0,6,0,3,1,0,1,0,9,0,20,2,0,0,2,0,1,2,12,0,5,0,0,0,5,0,0,5,9,6,0,0,2,2,1,16,1,2,0,0,0,1,0,2,4,1,1,0,2,8,5,2,5,0,0,0,1,5,7,0,0,2,0,1,2,0,1,0,1,9,9,4,0,0,0,15,6,0,1,1,6,0,2,0,0,13,0,1,0,0
0,134,77,95,0,196,5,13,23,145,80,8,124,17,3,30,2,221,0,74,129,50,47,53,38,88,86,32,23,46,16,295,18,38,11,125,71,1,128,175,105,90,66,18,8,88,13,12,117,77,138,39,124,49,236,62,173,43,20,4,21,8,51,50,76,16,52,112,250,147,44,55,180,158,18,44,8,80,4,22,36,32,111,1,35,9,216,30,35,3,0,20,105,127,139,26,63,41,14,2,145,0,66,82,24,158,11,9,96,165,19,125,65,48,143,2,81,16,7,107,66,34,21,24,57,121,112,145,79,7,35,0,205,168,103,11,46,21,73,69,160,33,12,11,13,50,162,103,75,137,3,86,162,11,147,54,39,10,46,40,18,44,52,19,80,17
0,26,25,11,1,75,14,13,15,9,32,3,41,8,0,9,6,57,0,38,19,25,22,58,5,13,19,10,14,36,25,88,7,3,8,17,17,2,59,64,50,1,34,1,0,47,7,46,72,23,22,8,26,0,24,39,20,21,26,7,9,4,32,26,4,4,37,40,66,24,2,32,54,70,6,18,5,53,1,0,15,7,38,0,29,5,70,3,18,0,17,0,24,59,23,8,10,3,3,3,21,1,71,4,2,32,9,7,41,44,2,77,8,1,9,5,35,21,3,12,63,7,27,5,10,19,30,20,11,0,25,1,90,44,21,0,26,15,9,26,33,24,4,4,0,12,4,14,44,17,5,10,19,22,23,12,3,6,7,21,20,2,14,8,18,25
0,342,93,164,3,400,35,52,56,303,227,21,346,75,8,47,7,436,0,214,304,153,103,190,28,76,68,58,93,184,13,512,20,119,15,277,185,14,357,428,285,62,195,30,16,174,23,38,356,126,252,183,163,85,575,155,345,81,45,6,30,30,137,107,103,56,63,183,387,291,162,121,309,179,77,69,28,142,2,14,169,69,152,0,81,12,466,74,142,2,82,22,1,363,357,84,113,54,47,8,322,4,177,165,51,348,27,24,134,287,71,360,156,91,202,2,175,32,21,226,208,103,47,39,87,226,344,298,171,11,100,3,425,260,325,23,77,29,200,85,337,111,31,19,11,75,114,306,138,187,3,203,376,19,206,91,71,21,113,54,20,69,59,44,204,58
0,275,188,155,11,447,27,36,66,431,394,23,426,107,10,66,7,554,0,369,308,186,160,335,34,70,93,63,120,276,52,603,31,132,49,338,231,6,441,620,461,136,249,22,10,189,55,102,371,144,299,346,297,33,504,196,525,105,90,8,50,36,171,212,168,60,157,209,606,433,245,77,436,437,63,111,50,246,4,8,188,89,204,0,145,21,644,48,212,2,111,45,314,0,398,91,164,46,26,10,316,2,220,187,37,515,86,32,228,488,79,300,216,133,328,6,298,74,10,224,195,65,73,51,66,236,671,330,276,21,93,2,750,364,335,23,153,91,233,71,459,141,35,56,29,59,188,505,162,289,9,200,417,57,209,75,86,23,111,91,57,76,130,62,267,135
0,449,212,217,11,323,51,29,32,603,319,14,489,92,32,78,7,541,0,255,427,175,152,220,63,81,89,63,96,123,19,669,37,136,9,249,338,5,407,383,345,168,157,31,40,159,28,53,416,119,277,213,278,95,501,250,410,87,73,6,90,41,102,114,127,29,100,258,439,423,176,109,368,319,47,66,42,229,6,32,301,233,167,0,115,12,754,58,178,8,118,16,321,393,0,110,159,75,52,5,441,1,132,144,128,685,24,14,140,317,42,590,265,106,449,2,202,36,37,292,159,98,24,88,119,342,462,384,230,15,149,0,518,244,421,18,106,53,87,70,451,84,74,29,40,126,285,292,182,277,5,334,370,31,219,83,90,19,212,91,29,200,101,59,274,16
0,97,28,50,1,74,4,8,27,104,59,1,60,25,0,9,2,66,0,58,59,35,8,29,9,14,12,13,27,56,16,105,5,27,5,87,46,3,67,90,121,13,53,7,3,45,7,17,85,21,36,62,16,9,120,42,60,21,16,5,12,8,41,36,26,10,4,57,136,143,49,33,112,45,7,24,1,24,1,0,93,38,38,0,22,3,149,21,68,1,21,5,85,106,140,0,22,8,23,1,63,0,40,31,3,131,8,5,37,29,30,65,67,23,97,0,45,31,0,28,40,9,8,11,8,53,110,56,29,2,21,0,157,33,49,4,26,11,22,14,59,23,9,6,6,30,14,43,28,49,1,47,84,9,17,23,22,3,30,14,9,11,25,13,70,6
0,144,196,106,8,334,36,9,48,258,142,7,244,71,19,31,3,411,0,95,160,79,28,215,31,33,30,54,117,193,4,338,11,132,25,110,147,4,211,333,208,116,46,12,5,90,34,47,174,117,168,134,112,129,233,216,178,22,37,5,18,15,74,78,123,14,46,226,250,121,20,127,377,244,47,60,36,224,2,28,75,17,89,0,115,5,461,45,100,11,53,7,98,156,180,30,0,43,19,18,246,19,178,133,80,220,37,12,68,147,21,309,38,42,51,3,55,21,5,92,216,28,8,33,49,130,178,149,103,8,35,0,175,168,334,9,31,23,16,33,169,52,20,16,15,104,167,191,70,49,1,206,220,25,102,63,54,14,93,53,25,151,39,46,57,43
0,82,49,51,5,58,6,7,8,75,68,5,57,15,1,10,4,99,0,53,62,34,15,51,16,14,33,16,10,29,2,152,26,34,2,40,42,3,73,83,44,35,31,17,2,65,8,6,92,32,65,34,50,24,76,16,86,25,10,0,6,6,48,20,45,8,6,48,74,33,11,25,72,52,49,23,3,22,1,12,23,18,33,0,18,2,76,41,14,1,34,7,48,51,71,8,41,0,19,0,83,0,24,10,27,62,5,8,26,84,6,94,40,27,22,0,49,8,5,35,49,21,14,10,47,69,49,126,41,3,10,1,81,29,80,8,15,10,9,21,66,25,14,6,8,21,50,42,47,29,1,51,74,5,52,37,10,6,59,11,6,32,19,10,50,4
0,91,16,51,2,29,4,2,3,62,28,1,33,10,0,10,2,72,0,19,40,20,6,55,3,24,5,14,17,33,4,94,4,16,4,19,51,3,31,68,33,9,14,2,0,38,2,0,101,13,37,20,26,4,74,19,71,16,3,2,5,3,41,10,14,17,5,32,78,67,8,21,74,18,21,15,0,10,1,1,55,38,10,0,11,2,123,18,21,0,13,3,51,38,63,18,13,16,0,4,66,0,25,13,6,71,1,8,32,36,2,56,34,5,33,1,10,4,1,15,27,16,8,10,4,59,60,54,21,9,9,1,78,33,22,9,11,1,7,6,48,8,4,5,4,2,23,19,32,24,0,21,70,3,32,20,6,3,37,8,9,5,18,2,42,3
0,2,7,2,0,29,3,0,3,5,16,2,10,10,0,3,0,38,0,6,0,5,2,18,2,1,4,1,2,31,1,29,1,19,2,9,21,0,11,14,25,0,3,1,0,4,4,3,6,2,5,10,2,0,18,24,6,1,1,0,1,0,2,2,8,1,1,13,12,10,2,16,31,17,8,6,0,7,1,1,5,0,7,0,2,0,19,2,17,0,3,0,12,10,0,4,19,2,1,0,8,0,20,6,3,61,1,0,3,6,2,7,5,2,5,0,9,0,0,1,6,2,0,2,3,4,10,10,7,1,1,0,19,7,18,0,8,1,5,1,7,4,2,2,0,1,3,14,2,3,0,5,8,0,0,3,0,0,0,1,6,1,3,5,9,1
0,460,396,338,20,729,65,36,164,776,291,32,553,87,30,61,6,866,0,254,450,219,161,304,72,131,117,87,75,184,22,901,44,186,11,384,286,16,640,717,304,285,198,74,24,260,69,72,597,333,471,234,487,292,885,179,446,114,84,10,46,31,246,136,209,69,98,422,676,811,124,197,498,407,100,122,51,328,1,59,175,115,291,0,116,21,1011,148,118,7,177,20,324,427,535,73,280,112,84,9,0,1,185,382,201,655,24,30,226,467,62,778,192,132,242,5,218,27,21,371,256,140,26,54,178,427,484,606,322,32,99,3,630,478,426,44,115,64,110,128,595,90,101,34,93,205,517,342,214,250,5,455,696,39,437,189,114,23,207,100,37,299,163,82,259,25
0,3,3,1,0,12,0,0,0,0,3,0,4,3,0,1,0,15,0,2,0,2,1,11,0,2,1,0,1,13,0,17,0,6,2,2,3,0,2,9,11,1,2,1,0,3,1,10,11,2,2,3,0,0,1,12,0,3,1,1,3,1,2,4,2,0,3,4,7,3,0,7,18,4,5,6,1,1,0,0,1,0,6,0,2,3,15,2,6,0,0,3,2,2,1,2,22,0,0,6,0,0,8,1,0,2,1,0,4,2,0,3,1,0,2,1,3,0,2,2,8,2,7,0,0,2,5,0,0,1,1,0,9,1,8,0,2,2,1,1,8,8,0,1,1,0,1,4,4,2,1,1,1,0,1,4,0,1,0,3,3,0,1,1,0,4
0,208,132,99,0,478,9,43,99,132,289,12,294,146,2,49,8,651,0,202,93,200,65,391,23,35,50,41,195,557,51,503,8,122,96,194,159,4,336,862,300,12,240,12,13,252,30,233,610,80,184,240,115,12,210,342,394,28,119,10,23,9,152,112,126,43,117,262,572,148,10,229,510,242,78,51,67,408,2,4,137,60,237,0,95,2,402,70,206,0,50,54,183,243,127,36,180,40,28,16,153,5,2,19,4,235,60,31,248,330,6,267,58,10,76,3,256,25,6,98,506,36,18,32,63,156,217,268,116,9,60,1,541,229,304,2,74,31,9,48,330,132,32,21,6,45,20,375,239,27,10,35,186,64,37,88,15,29,74,52,69,17,43,47,119,71
0,175,134,104,4,712,26,9,63,260,116,7,304,12,22,18,0,191,0,48,141,37,27,41,23,52,26,25,28,12,2,145,4,54,6,129,82,6,295,325,134,106,176,9,9,67,75,35,77,148,221,86,162,192,622,59,98,27,6,2,4,26,45,23,56,12,32,118,159,235,215,33,140,73,6,64,2,206,1,31,49,16,22,0,29,4,392,82,108,10,107,7,154,225,181,33,128,14,14,7,386,1,11,0,38,417,7,5,113,129,74,303,137,117,145,2,30,6,0,149,76,37,3,3,16,117,238,114,95,6,10,1,208,291,81,8,59,18,227,28,164,54,20,5,14,72,175,169,20,136,0,135,435,15,97,32,107,5,27,7,8,94,55,9,74,1
0,93,180,88,9,36,64,8,23,194,63,4,136,18,32,31,3,46,0,13,83,13,8,63,11,30,2,64,6,13,2,111,1,56,1,35,82,3,197,93,58,129,48,13,2,22,0,15,41,65,60,28,216,41,108,114,117,12,10,0,26,3,35,7,26,7,20,70,125,64,21,62,90,145,14,30,4,38,0,2,49,16,3,0,85,6,331,12,9,2,25,1,47,54,143,12,88,34,7,0,194,1,4,35,0,95,3,5,15,64,17,175,68,73,21,1,4,25,0,60,62,2,8,45,53,169,50,93,92,1,8,0,42,48,108,21,18,33,19,4,61,10,47,5,38,82,265,111,11,112,1,248,140,9,106,30,49,3,53,5,8,152,18,39,31,3
0,538,257,342,13,491,45,34,151,694,408,23,481,101,19,112,8,582,0,320,381,156,53,247,46,168,103,97,110,286,50,659,33,139,33,394,253,3,621,822,436,168,249,66,13,253,78,52,537,356,442,287,378,322,853,286,481,80,95,14,27,37,254,169,123,84,94,421,746,629,204,115,568,406,111,144,23,297,2,47,215,142,165,2,168,31,933,148,214,11,190,37,339,520,666,140,213,75,82,59,546,2,237,390,80,2,47,32,303,357,109,541,179,115,478,4,220,145,8,231,270,75,61,51,48,436,498,298,219,33,81,2,754,423,300,18,164,66,191,66,602,129,34,18,43,227,393,342,123,410,9,367,578,41,285,164,105,24,183,83,59,186,170,35,261,99
0,8,63,16,1,34,9,4,18,15,108,3,28,12,2,6,7,66,0,91,44,34,20,81,5,12,20,9,27,91,17,120,12,22,19,12,17,0,39,121,193,6,12,2,3,36,16,41,83,20,75,76,23,2,19,32,135,10,32,13,14,1,32,140,7,6,35,64,134,39,7,15,86,119,4,9,60,93,2,1,20,5,33,0,61,2,104,3,24,0,9,17,26,106,15,15,37,6,3,0,17,1,57,3,4,56,0,4,73,71,3,20,6,2,7,1,79,11,5,18,65,5,11,4,6,6,62,49,28,16,20,2,108,39,17,4,14,18,4,3,110,15,2,2,2,11,9,45,40,2,1,7,17,21,10,17,7,5,6,12,23,4,28,20,12,57
0,34,15,13,0,34,5,3,15,24,21,3,18,3,1,6,5,44,0,29,34,13,5,24,7,10,24,9,8,35,3,70,6,21,10,23,31,1,35,43,35,22,20,2,2,30,4,15,53,18,15,12,25,3,39,19,47,17,23,0,5,1,7,14,9,2,9,15,43,29,7,16,46,27,11,9,4,14,0,0,13,4,22,0,12,7,35,9,16,0,11,9,29,33,28,5,9,9,4,0,26,1,30,9,5,33,12,0,24,34,3,28,8,12,24,0,17,19,3,22,34,8,17,5,2,32,23,22,10,0,10,1,69,33,18,2,12,7,6,7,27,15,6,2,3,16,16,29,17,10,4,10,24,5,15,12,7,4,16,11,18,10,10,9,14,3
0,155,124,144,3,246,14,15,69,176,191,7,193,59,4,43,5,321,0,154,122,106,44,171,17,159,51,36,66,178,32,374,23,45,52,123,101,1,279,361,195,102,105,14,1,126,34,117,283,73,231,109,123,62,323,163,226,43,62,15,27,10,126,102,82,64,87,162,427,257,23,76,261,247,39,53,36,252,3,12,103,55,128,0,75,24,443,54,123,3,137,40,113,245,144,45,80,30,35,6,208,3,192,117,16,292,64,17,0,187,24,217,84,47,189,6,155,12,6,91,196,17,36,26,23,147,197,165,93,16,37,1,405,215,114,6,62,35,136,36,310,53,17,12,14,52,148,193,104,137,6,86,226,42,132,57,29,9,44,49,40,27,57,13,105,63
0,237,200,201,13,457,28,51,38,322,244,18,408,57,6,37,13,675,0,293,348,366,139,225,46,121,145,74,97,238,53,609,26,142,33,274,205,3,425,458,341,172,169,45,16,236,30,93,455,168,357,328,321,85,391,210,417,63,76,8,41,20,174,195,155,36,99,302,604,384,60,160,484,288,75,57,101,238,5,1,133,45,207,0,184,14,570,79,147,4,130,33,263,468,321,38,167,68,39,10,370,4,258,102,64,368,60,38,171,2,29,433,86,57,164,4,256,26,19,216,264,104,53,65,132,268,437,437,221,22,92,1,484,300,349,48,127,56,98,107,573,113,51,40,47,94,250,345,226,160,5,128,385,27,296,131,56,30,112,112,55,141,92,60,233,71
0,65,30,46,0,151,4,8,5,67,33,0,54,4,2,2,0,65,0,28,61,21,10,13,10,21,4,17,19,9,3,59,2,21,0,95,33,3,103,79,103,33,62,2,5,28,6,10,22,29,42,60,35,20,224,13,38,10,6,1,6,11,18,6,23,3,4,31,53,111,88,10,80,23,5,23,2,29,0,3,25,16,11,0,32,0,62,7,54,0,13,4,58,83,51,22,24,5,6,1,52,0,9,50,8,86,1,3,24,41,0,44,43,44,73,0,31,2,0,38,17,6,0,4,12,52,72,21,44,1,13,0,75,72,20,1,30,6,47,7,41,46,12,2,7,12,53,58,11,47,1,56,60,5,45,11,37,0,16,2,4,22,6,2,46,0
0,406,277,277,8,466,80,27,176,427,248,27,658,58,39,73,12,693,0,337,341,249,187,289,67,59,89,100,46,191,27,646,20,182,27,264,258,15,581,761,167,128,117,95,18,196,70,129,712,291,384,156,261,332,582,249,383,88,122,6,20,72,168,139,141,48,132,284,354,257,81,175,458,391,116,80,57,650,5,41,136,112,229,0,237,15,701,158,78,10,132,65,276,305,609,47,267,111,44,7,614,3,226,224,144,520,27,31,201,460,24,1,102,77,174,1,163,46,10,356,427,210,43,64,134,478,338,461,312,9,144,1,400,458,496,12,45,44,43,125,671,117,74,37,33,286,326,291,248,90,7,514,681,33,176,113,75,27,253,265,27,329,93,41,211,27
0,168,87,105,9,85,15,12,7,295,210,4,218,88,7,57,3,107,0,63,136,74,23,113,18,65,15,21,60,64,4,375,9,38,4,124,156,0,195,186,176,119,124,13,6,63,7,17,165,54,103,110,165,10,205,133,265,35,38,1,16,23,36,27,57,14,54,96,265,224,134,33,159,191,23,52,4,32,1,5,156,98,41,0,44,13,304,29,99,1,60,6,157,210,318,81,40,47,28,5,193,2,55,123,61,219,7,12,108,92,47,105,0,95,228,5,62,14,0,90,57,36,9,36,36,160,189,85,79,4,47,0,274,118,158,14,64,25,115,28,204,30,44,16,21,21,170,137,45,173,1,137,130,20,121,45,66,8,146,24,10,83,87,26,122,4
0,101,66,60,6,99,26,15,11,147,43,3,132,16,8,25,1,100,0,34,112,20,18,85,13,43,27,22,21,7,5,158,2,51,2,75,71,2,161,126,85,74,105,16,1,26,12,10,70,38,73,67,144,18,195,51,169,32,10,1,16,8,15,17,31,9,25,41,99,128,104,22,83,103,14,43,3,45,2,3,53,17,14,0,40,6,183,9,43,1,40,4,96,132,119,25,44,15,12,3,105,1,8,113,78,126,2,12,35,52,40,80,103,0,72,2,17,19,1,59,71,11,7,25,27,168,93,64,55,4,12,3,134,108,89,8,39,20,116,16,76,32,15,10,16,37,120,129,13,110,0,127,91,14,110,53,69,3,71,17,7,84,37,25,38,3
0,351,46,151,2,161,14,20,5,548,243,7,265,109,2,55,1,305,0,81,179,108,39,111,17,141,46,46,108,75,11,478,16,53,3,220,144,7,243,219,283,194,158,12,5,119,17,16,256,74,148,156,178,8,302,188,283,63,39,8,31,23,77,38,82,20,58,192,513,450,123,42,204,158,37,68,10,69,1,3,237,148,65,0,30,4,699,33,127,0,128,8,203,324,496,113,50,29,37,3,210,1,92,119,15,444,6,11,157,157,79,161,213,73,0,2,95,16,5,123,33,25,11,36,14,216,335,187,49,10,79,3,528,183,262,12,93,15,114,31,304,63,36,30,30,18,209,187,65,341,1,177,171,19,208,70,39,7,106,42,13,26,124,28,230,6
0,3,4,2,1,1,1,2,1,7,2,0,1,1,0,1,0,3,0,2,3,2,0,0,1,4,2,0,0,4,0,6,1,4,1,1,0,1,3,5,1,3,4,0,1,1,0,1,6,1,1,2,8,1,2,3,3,1,1,0,0,1,0,1,1,1,1,3,5,8,0,2,5,4,0,1,0,2,0,0,3,0,1,0,5,0,7,0,3,0,1,0,2,4,7,6,0,0,0,0,3,0,2,1,0,5,1,1,1,4,0,3,3,3,2,0,0,1,1,2,0,0,0,1,0,3,2,2,2,0,0,0,7,1,1,0,0,0,1,0,6,1,1,0,3,0,3,0,2,0,0,4,3,0,6,2,0,0,3,3,1,1,1,4,4,0
0,99,73,56,1,349,18,31,25,48,241,17,168,90,0,43,9,376,0,266,237,123,120,181,39,28,78,32,103,259,41,380,39,72,33,151,189,5,199,427,262,6,132,11,9,120,29,81,229,66,122,241,65,6,167,111,269,43,64,10,26,20,93,155,86,58,83,120,241,142,57,68,248,217,41,66,83,255,4,2,92,51,154,0,83,26,224,12,102,0,74,31,142,284,190,34,88,55,12,5,170,5,257,23,2,204,62,16,153,247,21,206,55,18,56,6,6,28,32,88,196,62,76,31,121,65,167,219,169,18,78,2,304,157,262,6,78,49,25,45,333,78,18,25,7,18,23,202,180,59,8,26,167,22,57,69,21,13,29,84,47,6,30,35,95,100
0,28,28,13,0,29,6,2,53,39,28,0,40,8,5,12,4,39,0,76,17,19,5,57,3,8,53,11,8,81,46,62,10,7,7,11,34,0,34,85,50,11,35,2,0,33,3,24,68,47,9,6,53,2,16,34,60,15,20,4,20,4,14,60,4,2,26,54,108,75,9,16,141,85,4,18,2,21,2,1,12,11,65,0,47,7,58,2,43,0,20,13,33,97,39,21,16,4,3,1,16,1,19,6,17,134,11,16,15,36,2,37,22,14,12,0,24,1,1,15,71,10,19,17,10,21,36,20,10,2,12,3,134,32,62,6,26,37,14,12,16,40,8,3,2,43,22,21,16,29,5,43,17,8,12,22,8,6,17,13,20,22,53,6,12,25
0,7,10,3,0,28,4,2,3,6,9,1,7,4,0,4,0,13,0,15,17,5,4,15,4,7,21,5,4,8,2,48,4,2,1,6,11,0,10,17,27,4,4,0,0,20,1,1,7,12,6,4,6,1,14,2,16,10,3,0,1,2,4,10,4,1,10,3,23,10,1,5,14,24,3,7,3,20,1,0,11,4,11,0,5,5,8,0,3,0,17,5,11,13,43,0,5,9,1,0,20,0,5,0,1,13,5,4,9,14,0,18,1,3,4,0,27,5,0,8,3,9,10,4,7,2,5,15,9,1,6,0,19,6,17,1,4,2,0,0,22,7,1,2,3,6,4,6,18,9,0,4,15,3,18,12,0,0,7,3,2,6,3,6,22,12
0,166,128,123,4,294,13,23,95,211,125,16,244,21,4,41,5,373,0,169,181,85,190,114,46,28,25,62,29,74,16,363,11,84,10,184,137,4,306,301,147,108,150,31,10,114,23,83,221,105,258,119,208,131,381,93,201,41,37,1,12,19,72,117,72,31,62,155,243,195,95,149,250,157,34,30,27,173,1,31,54,19,130,0,109,5,335,44,90,0,78,22,200,186,306,28,84,36,12,3,293,0,101,121,40,189,12,24,74,268,28,376,76,52,112,3,101,12,6,0,130,85,11,27,69,139,202,206,111,8,51,2,296,212,95,9,40,19,95,276,287,77,51,19,32,107,130,205,112,106,6,182,332,25,157,45,61,25,63,68,21,119,52,27,141,6
0,237,219,139,8,538,30,46,95,130,235,12,453,143,19,19,11,546,0,261,129,159,47,381,21,33,50,82,195,295,58,578,15,111,90,88,146,7,470,587,348,91,225,41,12,238,29,230,334,118,214,229,191,52,281,202,452,62,113,7,19,22,144,93,140,27,94,278,351,151,35,211,674,341,108,39,66,435,6,6,47,34,216,0,164,6,484,93,162,13,55,75,195,228,170,47,208,59,26,6,185,10,525,70,69,247,56,30,236,249,8,437,38,67,48,4,211,82,4,135,0,55,64,62,89,273,168,237,170,11,70,2,447,216,338,6,64,94,29,114,386,190,31,19,25,162,119,400,200,45,5,190,282,58,109,91,51,31,175,48,61,322,78,52,92,38
0,92,19,54,0,162,4,11,3,29,46,2,130,12,2,13,0,200,0,102,120,54,64,66,6,4,29,13,22,28,1,201,8,26,1,97,96,2,138,120,46,8,66,3,6,73,8,24,123,33,52,47,31,1,157,49,95,25,20,2,7,4,39,26,24,12,39,45,47,45,32,36,90,46,22,14,17,32,3,1,22,14,73,0,15,3,89,29,27,0,43,13,116,95,130,10,35,30,18,2,149,0,68,39,5,67,13,10,27,140,14,239,20,17,18,0,66,17,8,108,51,1,14,10,29,59,68,133,66,5,45,0,105,101,97,1,21,6,47,24,120,30,16,14,0,6,8,48,70,34,1,11,178,9,36,37,13,10,25,65,8,13,17,21,75,6
0,52,47,34,1,21,17,14,20,19,28,0,30,3,0,31,3,24,0,124,19,14,16,51,4,33,13,26,3,74,25,131,17,12,9,19,23,0,19,60,47,9,22,0,0,53,2,37,124,29,63,13,25,7,19,11,63,44,17,6,32,9,39,41,11,5,34,23,88,25,2,30,35,134,50,34,7,35,4,2,24,6,20,0,58,32,29,24,22,0,38,38,40,87,24,11,10,14,6,3,19,6,33,1,4,62,14,11,53,68,2,33,8,7,13,3,89,28,14,15,68,28,1,20,6,44,25,15,15,1,23,1,120,33,16,3,36,36,7,7,74,55,8,7,1,30,11,17,36,32,1,30,31,11,31,7,4,7,81,41,37,23,12,8,9,85
0,35,25,28,0,21,5,10,7,66,43,7,41,18,2,15,5,76,0,46,44,26,10,37,6,9,24,13,14,38,8,77,7,24,5,14,27,2,31,66,72,23,14,16,2,29,2,24,57,24,30,26,30,16,22,18,80,29,21,4,5,5,14,22,34,8,13,44,53,32,9,17,55,76,6,18,3,43,0,5,30,17,72,0,32,2,28,4,16,1,20,10,35,48,59,15,26,10,6,1,32,0,21,4,31,32,6,3,25,51,1,63,36,14,43,0,34,13,4,23,53,8,13,0,16,23,40,50,28,3,16,2,46,20,51,8,9,15,10,17,58,14,16,7,5,21,28,43,33,15,2,43,32,5,27,19,10,6,38,4,15,27,10,7,26,10
0,71,107,47,4,148,27,23,17,60,58,6,101,32,13,6,6,164,0,85,116,56,38,43,35,18,85,24,31,35,7,204,14,50,17,87,86,3,161,161,72,43,23,9,2,75,4,20,49,47,47,65,55,22,139,49,111,17,14,1,15,11,55,28,74,27,16,41,72,43,11,74,116,79,5,19,11,58,1,2,21,21,117,0,51,5,93,9,29,1,58,6,88,88,157,6,55,31,5,6,170,0,57,25,48,51,8,7,35,143,16,195,32,24,15,2,107,11,10,65,91,52,5,24,0,62,45,154,116,16,20,1,60,45,157,4,11,25,15,14,133,16,17,14,14,39,85,82,106,25,1,100,131,7,52,70,30,8,39,27,5,72,16,24,82,12
0,376,266,442,11,278,58,13,29,364,240,7,383,58,22,60,2,433,0,138,242,151,38,229,44,127,40,83,46,96,9,505,25,115,4,221,157,11,424,351,184,185,343,57,19,255,11,29,402,145,236,148,233,82,531,202,353,80,65,3,18,31,170,45,87,43,42,227,437,332,86,112,332,230,116,119,9,196,5,10,163,100,102,0,119,9,694,148,61,11,120,18,214,240,420,66,125,78,75,3,360,3,158,114,139,428,4,22,154,335,51,520,141,195,195,1,52,25,3,167,269,49,36,39,51,1,221,252,161,19,65,2,322,248,232,32,162,36,82,73,391,83,44,18,55,157,327,213,134,254,0,247,328,8,230,128,108,22,256,40,17,231,83,48,152,8
0,310,198,214,12,357,30,17,66,553,403,17,361,95,12,81,5,526,0,278,317,177,91,265,30,97,65,52,276,258,25,581,23,143,61,315,201,6,356,563,455,129,145,49,16,176,61,62,363,160,356,332,247,130,460,202,461,72,66,22,35,35,169,187,139,75,103,343,599,416,180,109,466,370,92,98,67,277,4,31,244,101,126,0,188,13,680,101,179,5,96,39,295,644,448,110,150,52,48,14,394,0,250,164,44,505,83,26,212,404,71,353,168,75,311,3,183,37,15,189,175,56,27,50,56,202,4,282,205,26,86,5,655,337,302,17,92,58,102,95,483,77,52,28,40,95,253,325,160,195,9,307,431,46,246,102,77,23,180,86,55,135,134,67,298,93
0,376,186,199,15,412,30,29,18,398,293,22,347,120,2,54,19,782,0,262,378,144,137,275,59,86,98,58,91,241,12,573,24,128,23,334,325,1,458,473,286,141,166,17,8,206,20,66,490,120,265,242,263,26,495,328,407,67,75,6,20,21,174,129,121,64,117,273,525,235,70,172,343,209,139,51,110,120,1,0,149,90,223,0,58,11,535,88,135,1,140,15,298,376,416,71,138,138,60,16,525,1,272,100,102,305,40,24,186,495,25,439,84,66,195,3,275,13,10,234,228,129,20,49,140,263,322,0,245,17,114,1,671,268,388,37,100,34,72,116,525,88,53,39,38,71,229,281,243,177,7,138,438,20,254,111,47,30,86,125,27,69,93,81,265,59
0,200,201,98,2,273,41,15,29,217,183,21,277,33,16,44,11,369,0,163,259,119,82,140,32,15,66,67,61,136,8,315,28,94,21,210,152,5,365,411,202,109,75,23,8,114,27,37,228,129,167,169,132,70,309,186,225,30,68,8,26,12,102,93,99,47,80,118,215,166,90,102,264,214,28,45,48,142,2,6,99,37,128,0,119,4,297,36,93,6,78,10,173,286,288,43,129,49,18,4,318,3,151,81,96,217,25,7,103,262,44,338,65,67,59,3,189,21,20,151,161,67,18,31,123,201,206,269,1,23,83,1,243,171,177,12,53,33,63,40,309,31,26,13,17,66,189,172,144,62,4,276,291,22,115,54,46,10,92,67,26,170,18,31,147,50
0,21,12,11,1,18,7,2,0,22,35,5,15,3,1,3,2,37,0,21,33,9,9,14,12,1,17,6,11,15,1,48,5,5,5,23,14,0,13,46,56,15,8,4,2,16,1,3,29,12,26,37,21,1,28,10,41,3,8,1,2,2,18,20,20,12,4,26,45,29,5,5,39,36,6,6,11,12,0,0,16,9,21,0,17,0,36,7,5,0,9,1,14,24,24,1,12,16,13,2,47,0,11,4,1,31,13,2,16,37,0,20,2,1,13,0,26,0,2,7,9,4,1,3,26,13,26,40,27,0,2,0,37,20,31,2,1,0,2,4,33,7,2,1,8,2,19,17,26,3,0,6,31,1,39,18,5,1,8,4,9,3,12,8,28,8
0,75,16,41,1,132,10,11,8,90,77,8,106,31,2,11,4,238,0,72,87,54,48,84,12,22,16,23,39,60,6,166,10,22,7,78,78,0,113,97,80,17,42,1,7,52,9,33,152,56,46,52,30,7,101,58,78,25,26,3,21,9,25,49,33,16,36,53,97,56,12,25,86,64,10,19,46,65,1,1,76,29,24,0,9,0,175,13,36,0,39,12,61,75,146,22,35,10,8,1,78,1,87,14,7,73,6,6,41,110,6,140,40,8,66,2,74,21,6,39,62,27,24,16,22,51,67,122,54,6,0,1,104,91,103,3,15,18,14,14,148,29,15,6,5,14,25,42,83,31,2,31,68,11,27,21,7,11,27,42,6,6,22,16,60,16
0,1,1,0,0,2,1,1,3,2,0,0,0,1,0,0,0,0,0,0,3,1,2,2,0,0,1,1,0,1,0,4,0,1,0,0,1,0,2,3,0,2,2,1,0,2,0,3,3,1,0,2,3,0,2,1,2,0,0,0,0,0,0,1,1,0,1,3,3,4,1,2,6,3,0,2,0,1,0,0,3,0,2,0,1,2,1,0,1,0,2,1,2,2,0,0,1,3,1,0,2,1,0,0,0,3,0,1,2,4,0,1,0,0,1,0,0,0,1,0,0,2,1,0,0,2,1,2,0,0,1,0,1,2,1,1,2,1,1,2,1,2,1,0,1,1,2,1,0,2,0,0,0,0,1,0,2,1,0,1,0,1,0,0,4,0
0,418,287,316,10,698,21,35,219,602,494,22,508,209,10,376,15,1299,0,520,427,305,139,623,55,221,148,105,225,557,114,1144,62,229,103,460,335,11,610,986,637,251,401,47,16,386,50,287,922,253,507,413,536,77,774,449,734,144,203,24,79,42,311,341,200,98,231,585,1124,702,188,288,890,692,112,216,52,424,7,4,355,151,457,0,233,58,1630,81,348,1,209,93,464,790,553,133,200,90,71,22,577,11,568,188,41,762,119,66,432,620,78,510,319,159,571,4,371,153,19,356,460,72,110,59,64,347,754,692,219,46,116,4,10,547,529,36,252,128,182,177,701,201,99,38,54,168,368,563,255,411,18,329,505,92,443,186,84,41,176,165,141,126,234,79,375,146
0,212,162,165,8,569,20,29,89,234,121,11,380,36,12,52,3,599,0,209,233,146,151,268,31,89,111,54,54,176,44,488,13,124,26,255,177,8,470,464,154,139,196,31,10,161,44,131,410,223,345,130,235,145,854,311,261,62,100,7,27,36,103,121,84,46,166,222,350,311,130,101,372,239,41,90,40,280,1,29,70,41,172,0,75,14,493,69,133,6,170,27,235,359,243,31,172,44,28,7,396,2,216,274,52,440,53,26,197,336,69,465,94,109,199,2,157,29,10,219,237,78,37,26,47,222,333,247,163,14,105,1,476,2,221,16,83,60,217,53,399,95,47,14,23,81,234,271,117,185,2,196,541,48,176,85,68,25,68,95,49,143,123,51,136,20
0,276,155,156,9,480,42,39,17,490,324,15,486,182,11,54,15,784,0,220,298,164,102,303,59,70,153,69,193,272,22,690,52,139,36,188,261,3,460,522,450,145,152,23,15,246,20,61,279,123,193,253,228,26,295,294,458,58,86,8,36,29,139,69,270,50,96,318,440,310,32,173,539,336,62,75,52,263,7,5,207,114,212,0,133,13,665,42,202,5,134,12,297,352,462,54,348,89,39,25,329,19,326,56,89,317,18,16,124,330,20,545,134,81,278,1,269,64,11,116,384,87,23,66,160,218,333,379,169,16,122,1,500,207,0,30,118,65,31,34,389,64,62,36,49,49,254,320,210,302,2,337,237,35,359,120,58,7,174,58,37,126,109,77,234,34
0,16,38,23,6,22,3,1,5,96,5,0,18,3,1,8,0,28,0,22,20,7,3,42,2,20,6,7,4,7,1,45,0,15,0,17,24,0,57,38,87,82,41,1,0,16,3,4,37,25,29,40,105,4,23,9,40,9,3,0,1,6,13,2,8,0,3,27,59,71,7,9,25,19,10,26,1,7,1,2,14,6,7,0,13,2,111,2,8,0,8,2,12,33,19,8,10,5,5,1,35,0,5,10,14,20,3,2,16,53,7,16,17,19,17,0,8,9,0,9,9,2,6,8,2,24,34,43,3,3,5,1,47,15,26,0,20,2,7,5,23,5,17,2,18,10,69,48,8,36,0,14,31,3,73,9,11,2,8,4,5,32,8,5,15,1
0,73,78,123,1,187,10,10,15,202,150,4,125,74,0,35,3,193,0,101,109,33,30,116,18,65,33,28,71,94,32,285,11,48,32,157,90,3,138,215,253,49,121,11,3,58,6,67,134,81,122,145,127,9,172,103,157,41,39,10,18,12,76,51,64,9,58,128,280,222,78,41,179,173,33,51,7,89,0,2,89,58,74,0,56,20,273,11,121,0,56,22,81,195,142,51,51,27,18,5,108,5,89,61,16,182,17,17,85,178,34,63,79,47,138,2,111,25,7,69,68,10,35,16,16,197,136,104,43,21,27,1,266,105,148,22,0,40,53,27,107,65,15,0,19,13,128,142,45,144,2,95,94,18,116,45,31,3,52,19,29,24,56,20,106,33
0,33,57,36,3,40,23,8,16,37,48,5,56,40,11,20,4,90,0,68,44,20,15,71,6,8,21,16,21,102,29,111,7,29,12,36,35,2,89,96,64,23,23,7,3,40,14,27,98,47,45,35,51,9,28,36,82,23,35,3,28,6,28,67,23,17,78,52,126,55,21,30,144,139,12,16,11,61,1,3,17,11,45,0,66,12,73,1,44,0,22,13,32,100,51,10,25,6,7,1,65,0,43,9,26,63,23,6,41,58,3,52,11,24,14,1,48,48,2,16,93,6,48,10,19,27,55,44,43,4,16,0,124,54,50,6,37,1,14,6,65,45,17,5,18,29,64,58,27,47,3,58,47,12,31,23,25,4,48,31,20,128,30,15,14,39
0,113,44,54,3,197,6,16,4,103,27,1,142,10,7,23,1,68,0,32,93,23,29,45,16,32,47,13,21,10,0,129,4,29,5,115,78,3,213,173,77,51,272,11,1,39,6,20,41,31,79,58,123,17,363,35,116,24,17,3,8,7,18,2,25,7,16,37,80,153,226,11,121,65,12,40,1,33,0,0,33,11,44,0,22,1,195,8,60,0,63,6,208,187,96,25,20,7,5,2,103,3,10,190,14,176,3,6,94,68,51,36,105,98,113,3,27,13,3,110,29,45,2,13,15,72,116,67,38,0,4,1,158,193,27,3,59,8,0,36,80,66,20,6,5,8,58,155,10,152,1,86,137,8,48,10,58,5,25,3,11,27,15,17,63,6
0,197,20,96,0,205,6,11,11,44,52,5,60,8,1,8,1,188,0,49,74,84,25,46,17,10,8,18,15,25,9,253,14,21,6,132,48,3,77,158,74,14,53,7,5,95,5,22,119,31,111,32,40,6,232,72,65,51,20,2,12,21,39,59,37,15,22,92,156,64,22,135,153,58,9,15,9,31,0,1,22,8,77,0,12,3,119,16,23,0,70,29,80,70,64,5,33,23,5,1,107,0,64,17,3,58,8,12,33,114,5,148,25,8,25,0,49,7,3,267,115,29,12,19,25,82,108,125,27,8,22,0,205,52,37,1,22,8,20,1,78,60,9,15,4,5,19,95,84,42,3,15,89,14,108,49,9,37,15,28,9,9,18,19,99,6
0,314,201,277,3,387,25,32,84,510,725,31,506,95,15,108,13,724,0,540,371,227,184,270,51,160,104,86,124,348,32,844,36,211,45,312,281,3,464,626,340,169,122,97,19,202,69,91,493,218,441,537,221,198,499,414,610,57,122,22,40,24,188,287,177,82,183,329,730,396,61,118,420,404,97,99,124,430,4,27,315,89,191,0,186,31,753,71,149,2,159,32,366,486,467,65,157,71,45,5,493,8,298,139,48,577,102,23,328,608,48,653,186,75,326,4,360,24,23,276,365,80,57,53,102,384,475,514,267,26,162,3,682,385,370,15,90,63,107,86,4,63,35,26,19,160,327,309,182,218,8,329,491,37,264,112,74,16,118,138,57,141,146,54,221,176
0,62,55,58,2,194,15,20,29,32,45,1,75,27,2,19,3,170,0,75,79,40,33,109,11,37,32,19,34,81,41,248,20,28,35,151,50,4,96,169,87,27,114,2,2,73,2,53,166,53,72,36,56,5,237,81,72,35,52,7,24,9,46,44,32,13,53,69,146,99,31,56,135,80,11,40,13,106,2,0,33,28,70,0,32,11,156,18,45,2,43,21,94,123,76,18,36,15,7,1,76,3,129,46,11,115,22,10,62,109,34,143,23,31,55,2,113,47,9,67,192,26,41,16,15,76,93,76,29,7,23,1,187,97,71,9,39,50,54,51,66,0,15,5,3,18,47,107,68,55,6,32,65,16,52,37,17,19,36,52,44,19,45,20,48,42
0,34,102,45,4,32,5,3,23,120,24,5,101,8,2,11,0,56,0,32,49,13,16,54,8,12,5,9,6,15,0,58,2,17,3,20,41,3,88,73,57,42,34,7,2,20,3,9,60,31,46,27,89,23,49,24,37,11,24,0,3,4,23,5,17,2,12,20,101,71,12,10,48,54,15,24,2,28,1,1,12,10,16,0,21,3,127,8,9,3,13,3,26,42,63,9,12,12,7,0,83,1,16,9,29,42,6,5,16,71,8,64,22,18,32,0,13,5,2,40,25,17,14,12,14,34,30,63,22,4,11,0,89,32,39,11,10,9,11,4,38,11,0,3,20,31,62,46,14,37,0,61,96,14,68,13,14,1,27,10,6,65,11,16,13,2
0,27,5,6,0,35,3,1,3,20,25,1,53,17,0,4,0,47,0,26,26,34,11,13,4,4,12,6,7,18,2,53,4,12,2,16,17,0,25,34,26,4,7,2,2,12,4,6,32,5,17,19,7,1,28,22,23,8,4,2,7,2,10,8,19,4,12,7,34,15,11,11,34,25,11,8,5,12,2,0,13,11,19,0,1,1,42,7,7,0,6,2,27,40,29,5,14,15,3,2,30,0,18,4,3,23,3,4,10,51,3,31,17,4,23,0,22,4,3,13,25,7,4,5,11,16,31,32,20,2,12,0,38,21,32,1,2,3,1,9,22,10,3,0,2,2,9,20,14,15,1,4,29,3,13,5,5,3,14,8,6,3,5,4,12,5
0,26,144,49,8,27,2,1,4,136,8,1,14,5,2,10,0,35,0,27,51,9,2,38,5,28,3,8,3,4,1,55,0,21,0,19,20,0,88,51,68,68,39,2,1,19,0,7,53,24,48,53,142,13,37,14,50,9,3,0,3,3,22,2,4,1,5,109,128,104,9,10,50,29,20,13,1,12,0,1,23,8,4,0,40,2,121,1,12,0,6,2,17,33,48,3,13,10,3,0,65,0,6,13,23,47,0,1,6,40,5,21,21,23,40,0,4,4,0,19,11,1,3,4,4,50,39,39,18,6,1,1,58,9,51,22,16,8,7,4,15,10,14,0,0,16,97,58,7,34,0,32,46,4,109,15,14,1,25,5,9,52,18,6,21,0
0,60,205,113,2,76,35,4,173,254,82,15,193,5,12,31,0,71,0,108,56,40,27,40,20,16,21,58,5,72,16,157,15,69,8,39,36,4,198,227,73,106,22,64,7,57,11,55,170,148,129,37,149,234,89,70,139,17,40,4,12,2,70,43,39,6,20,111,185,102,11,91,228,247,37,51,4,214,1,37,22,13,42,0,189,13,246,40,32,4,57,11,71,67,117,21,98,19,4,1,168,0,42,69,86,236,15,12,51,87,16,327,15,19,13,1,27,39,5,137,146,4,19,10,49,150,111,76,75,2,12,0,137,81,61,2,12,27,14,7,176,23,37,4,15,0,162,97,21,26,2,484,169,21,61,24,45,5,121,19,21,315,33,11,17,14
0,199,340,245,27,179,52,12,45,637,147,6,275,27,44,57,0,315,0,82,265,48,28,127,26,252,59,67,27,17,5,409,12,115,1,132,175,7,390,245,244,453,182,34,4,105,20,16,174,160,270,215,433,154,290,205,288,41,14,4,39,18,112,42,66,16,53,309,887,514,59,107,289,281,46,80,11,113,0,33,69,41,21,0,152,13,670,52,49,8,150,3,98,205,272,9,139,44,24,4,446,1,16,159,194,359,7,20,149,265,59,295,144,128,233,1,17,16,2,117,100,6,5,46,60,274,259,233,136,24,20,1,316,222,261,70,84,60,59,18,321,42,77,8,95,134,0,288,34,257,4,487,309,34,567,89,107,5,157,20,19,302,130,39,111,2
0,204,165,168,22,406,33,44,72,358,186,14,480,115,17,36,6,472,0,237,196,143,50,365,37,78,56,52,133,234,34,452,11,123,58,171,173,7,412,513,348,234,281,22,6,112,28,108,231,102,243,272,354,69,345,221,419,40,89,7,15,16,102,56,96,27,90,220,392,335,142,139,487,327,81,90,58,269,2,18,98,33,126,1,161,9,558,51,156,2,82,24,252,479,276,31,169,24,16,11,239,6,307,156,102,307,35,23,147,344,71,240,146,119,179,2,180,20,3,180,330,27,16,44,71,193,327,253,127,10,54,3,447,279,292,35,104,48,152,73,280,93,57,23,69,83,306,2,105,181,3,253,238,46,283,60,87,9,107,36,33,159,66,70,122,53
0,111,71,110,2,274,7,52,13,81,155,12,151,66,1,27,10,409,0,163,175,125,74,151,40,30,62,34,66,144,17,420,31,50,28,190,240,5,186,312,173,25,85,16,6,182,7,52,236,69,135,90,56,2,259,99,237,60,82,3,14,11,129,65,80,43,66,122,182,87,25,123,277,118,49,32,59,102,3,4,58,32,139,0,63,8,212,48,73,2,88,33,148,129,213,24,77,56,23,2,172,2,249,9,9,104,28,19,96,204,11,255,47,14,41,3,166,11,10,101,197,63,23,21,115,123,150,218,117,15,79,1,235,114,170,3,21,24,17,80,166,64,22,11,7,27,38,123,0,40,5,22,177,24,77,109,15,32,52,66,24,11,22,27,105,29
0,166,140,137,8,142,19,11,9,365,229,2,212,72,8,38,2,203,0,100,196,51,28,152,16,133,33,36,52,35,7,405,18,53,5,166,133,3,273,141,274,155,230,11,6,92,17,20,149,78,152,138,257,10,318,130,320,60,28,4,21,23,90,54,58,17,59,133,374,339,115,43,178,164,45,80,4,30,3,1,71,72,45,0,31,14,550,27,133,0,87,20,177,293,297,48,34,29,28,4,198,0,33,96,71,390,6,8,87,179,47,94,186,102,344,2,71,26,2,110,38,17,33,24,23,211,202,155,55,3,41,1,360,169,281,36,99,38,148,42,173,60,46,15,30,18,273,189,40,0,1,219,168,21,264,48,42,13,121,26,22,117,85,24,136,12
0,0,2,2,0,4,2,1,2,0,8,2,1,1,0,2,2,8,0,7,2,3,2,15,0,0,3,0,1,3,0,9,1,4,2,4,1,0,4,10,3,0,1,1,0,4,3,8,16,3,4,4,2,1,2,2,4,2,3,2,0,0,4,9,0,0,3,6,8,2,0,3,8,6,0,2,2,6,0,0,8,0,3,0,1,0,2,0,1,0,1,2,5,9,4,1,2,1,1,0,5,0,10,0,1,5,3,0,7,1,1,5,0,0,1,0,5,2,0,2,1,2,1,2,0,2,5,3,6,0,2,0,14,8,3,1,1,1,0,0,7,2,0,1,0,1,2,6,1,1,0,1,7,4,0,1,0,1,0,1,2,1,1,1,0,6
0,213,372,195,9,156,81,15,131,589,219,22,396,60,27,73,5,243,0,108,212,68,35,169,44,95,21,97,49,61,9,462,13,126,11,148,190,11,508,314,202,282,93,61,11,91,16,30,170,237,301,102,323,318,255,211,346,55,45,7,50,19,104,59,74,18,66,192,451,315,127,132,317,391,45,151,8,210,2,46,114,116,42,0,218,12,720,57,85,18,106,9,179,223,374,61,212,31,15,1,382,1,34,117,234,321,13,19,73,146,57,542,196,120,233,3,41,48,10,184,229,22,29,36,96,314,292,185,232,6,47,1,294,191,335,20,73,56,111,25,342,44,103,11,56,425,610,245,46,239,2,0,345,20,225,75,140,5,272,29,24,473,66,36,128,8
0,461,345,307,9,650,45,27,155,622,197,30,527,33,21,53,6,614,0,321,394,221,173,265,57,79,66,81,74,213,14,708,34,157,8,362,251,20,583,761,196,171,224,51,19,253,68,57,588,324,421,159,371,327,1476,176,334,85,76,5,38,32,206,130,136,86,71,331,503,485,148,146,477,295,120,75,42,323,1,50,164,94,291,0,124,10,941,220,107,7,165,19,355,404,439,60,225,104,78,8,624,1,176,395,132,673,30,20,204,417,55,811,103,95,155,2,189,11,13,372,315,154,32,38,139,349,436,482,275,18,97,1,479,561,264,30,84,31,164,105,607,62,102,27,61,210,342,301,204,163,5,373,0,35,243,158,106,22,141,99,25,360,76,40,194,32
0,24,42,8,0,27,7,6,19,24,11,0,92,4,3,5,1,47,0,24,27,22,8,65,4,12,17,12,5,33,6,63,6,14,12,8,14,1,49,31,48,12,13,6,1,30,5,59,77,13,32,16,39,5,30,21,26,9,14,2,5,4,15,13,13,3,24,35,80,43,9,40,55,52,16,13,11,66,0,3,13,6,51,0,40,0,51,3,16,0,5,18,21,67,30,8,16,4,4,0,29,0,40,16,11,37,22,4,37,19,4,29,12,14,12,0,9,9,1,31,58,4,7,5,6,14,42,14,4,1,10,1,63,39,27,3,11,8,8,14,28,12,12,4,4,21,17,41,12,13,1,21,32,0,36,8,3,4,12,11,12,8,20,8,9,2
0,190,190,245,22,229,34,19,23,505,90,6,152,26,3,40,5,341,0,137,255,45,37,180,27,201,60,51,18,38,9,497,19,87,4,155,132,2,299,260,247,346,183,12,5,129,9,32,307,141,252,223,493,32,301,114,335,50,21,10,19,14,112,58,58,29,69,246,782,479,22,87,283,261,80,57,17,42,4,8,81,39,58,0,89,12,574,35,72,2,152,10,191,213,212,15,61,45,27,2,341,3,53,76,72,286,7,17,143,390,36,166,105,90,274,4,70,9,13,137,104,33,32,34,62,260,254,228,77,21,40,2,417,172,353,52,108,45,60,81,261,69,61,16,105,58,599,264,65,326,3,182,161,36,0,89,66,15,127,25,32,159,137,42,119,19
0,139,64,77,3,126,11,11,14,84,55,11,76,15,4,8,2,215,0,55,89,50,31,77,37,24,70,26,28,92,20,267,23,31,20,84,68,3,130,138,96,55,39,13,8,130,8,34,154,60,77,55,90,17,154,37,99,25,21,3,15,20,62,49,56,19,46,91,200,104,23,73,208,120,38,19,10,50,8,6,33,29,83,0,52,8,151,33,52,2,52,13,92,93,93,18,56,35,20,1,118,3,73,22,24,129,16,16,34,136,9,102,37,35,66,0,74,25,9,48,94,34,14,11,43,123,107,122,59,12,24,2,178,80,107,10,40,30,12,44,93,51,13,7,28,24,81,63,86,41,1,66,125,11,88,1,16,23,92,21,23,26,49,27,118,8
0,89,60,85,5,86,18,9,18,128,65,3,157,8,14,18,0,67,0,40,77,30,9,42,16,23,15,20,11,12,1,102,6,36,2,52,50,4,137,95,87,66,79,14,2,46,7,13,44,58,61,61,94,50,148,46,102,16,12,1,9,14,19,13,34,3,15,37,99,84,53,31,78,71,16,19,0,67,0,7,40,14,14,0,55,1,167,12,27,3,22,3,63,95,89,18,51,11,5,3,94,1,3,92,49,102,2,10,28,56,38,101,56,55,54,2,27,2,1,70,55,7,10,14,20,129,62,47,37,3,9,1,90,63,62,7,22,19,61,11,83,19,21,4,20,46,133,79,11,57,0,143,97,8,53,22,0,1,49,10,11,71,24,11,46,5
0,27,4,10,0,40,1,6,1,4,15,0,12,1,1,3,2,57,0,15,10,12,3,19,2,4,4,6,6,14,6,56,4,13,7,52,15,0,10,35,12,1,7,4,1,21,0,3,65,40,60,6,11,0,52,18,21,13,9,1,6,4,32,4,9,1,8,33,36,7,2,39,40,12,7,6,6,4,0,0,6,2,17,0,6,2,16,9,4,0,15,10,25,25,15,1,11,7,3,0,16,0,27,0,2,13,3,5,3,38,0,34,4,3,3,1,14,2,0,18,25,10,8,9,2,21,21,38,2,1,8,0,31,19,17,1,2,5,5,28,8,24,0,2,1,7,3,14,27,6,3,1,19,2,12,10,1,0,7,10,8,1,6,4,21,7
0,232,139,136,10,76,33,9,29,268,66,6,241,61,14,11,2,61,0,73,147,63,18,142,19,19,7,51,38,79,3,210,8,59,5,60,118,4,183,180,113,109,43,22,4,98,3,3,195,85,95,35,121,71,195,89,233,53,29,2,16,14,73,31,61,29,17,120,196,84,23,61,261,266,134,31,4,81,1,62,75,69,29,0,166,9,430,104,25,6,44,3,103,91,184,29,97,74,41,4,177,1,73,19,57,168,6,15,64,99,9,263,124,75,102,1,16,17,10,55,182,30,87,29,39,212,155,109,92,14,34,2,127,78,124,18,31,54,15,13,127,29,25,15,34,104,163,99,72,126,1,222,137,12,132,58,47,7,1,21,18,181,35,25,80,2
0,48,49,27,0,102,6,3,8,44,58,6,109,19,2,20,3,188,0,173,78,58,66,88,4,28,16,15,18,80,7,150,12,37,3,85,67,1,112,148,49,7,22,8,9,34,13,55,185,40,55,35,39,16,45,61,99,20,46,1,5,5,39,59,15,25,73,37,94,43,5,40,83,78,16,23,28,72,2,3,32,20,61,0,38,16,74,10,39,0,23,17,50,90,92,13,40,8,6,0,76,1,52,11,9,69,14,9,51,106,2,265,30,12,24,1,94,13,0,78,51,48,33,6,15,52,84,136,66,4,58,1,145,103,60,3,23,28,12,28,174,43,8,6,3,20,36,49,62,22,2,33,90,12,24,17,13,7,10,0,25,14,24,14,40,33
0,26,74,23,2,72,11,8,28,24,44,1,59,20,0,16,1,87,0,90,21,26,18,115,10,19,26,11,23,104,13,126,19,24,24,20,39,2,61,115,86,14,45,4,3,45,4,64,129,28,63,47,36,2,41,58,77,29,44,7,22,4,41,75,20,7,39,70,146,51,5,58,123,108,23,30,12,65,0,2,35,7,60,0,69,20,84,11,42,0,35,23,27,85,23,14,42,10,8,7,31,8,57,11,1,67,40,9,70,53,6,42,14,10,21,1,37,16,5,23,67,10,37,5,8,36,63,24,15,17,7,3,178,52,57,5,19,23,3,7,71,45,4,6,5,27,27,50,36,25,1,10,27,20,30,32,6,7,21,37,3,10,27,14,21,34
0,103,334,143,17,108,59,5,111,452,62,12,284,11,20,35,2,61,0,47,153,41,28,98,17,45,5,68,3,43,4,127,5,80,1,57,99,5,390,212,86,246,123,32,3,52,12,9,67,179,200,36,486,258,170,83,155,19,32,3,31,5,76,32,40,13,23,128,243,165,31,103,334,209,26,58,5,157,0,39,28,19,5,1,301,15,697,29,23,15,37,6,63,88,174,20,150,20,6,2,272,0,12,74,130,209,3,7,46,178,29,348,79,83,39,0,14,20,7,157,307,13,29,42,53,208,163,117,153,5,11,1,124,144,124,39,28,126,37,9,175,22,85,5,63,282,346,186,11,132,0,491,303,12,189,42,94,3,195,12,9,0,26,36,40,1
0,63,47,56,5,71,18,8,37,216,74,2,100,26,3,20,1,132,0,92,92,45,20,61,8,85,60,18,19,81,29,167,9,40,5,55,48,1,79,110,79,95,34,11,2,66,11,10,111,68,91,58,77,20,76,52,121,25,19,8,27,5,35,48,34,8,63,116,237,197,23,25,152,153,20,39,15,68,2,6,65,27,65,0,42,10,193,13,48,0,34,12,68,170,109,36,47,17,17,0,100,1,28,52,14,153,25,8,58,104,15,99,52,43,114,1,42,61,3,34,67,10,9,12,16,89,135,63,25,9,26,0,225,103,97,5,42,31,19,14,169,38,12,8,8,35,122,58,27,69,3,60,72,23,116,38,13,5,36,30,14,16,0,22,49,20
0,37,45,40,0,68,2,9,1,56,49,4,63,32,5,7,0,176,0,51,42,23,22,51,9,10,13,9,26,63,6,116,3,29,5,29,48,2,49,97,74,27,54,7,5,41,9,19,74,26,45,49,55,3,59,42,96,9,19,4,8,8,26,39,29,9,23,47,72,33,14,51,91,65,10,23,26,47,0,0,27,9,34,0,35,2,64,5,22,1,17,7,44,59,64,9,49,2,7,2,72,2,50,11,21,44,17,1,32,64,3,61,34,21,19,0,35,14,4,26,61,13,5,13,14,47,51,73,22,8,15,0,85,49,78,3,14,11,15,24,58,20,15,3,11,8,52,96,28,36,2,18,50,11,37,18,18,7,29,12,10,35,19,0,20,16
0,277,59,100,5,290,17,9,8,303,168,7,238,64,3,42,11,386,0,127,223,99,67,115,39,34,71,39,48,92,12,484,22,65,15,249,174,3,254,291,238,61,101,22,6,174,13,15,275,93,227,138,115,12,383,147,239,51,47,3,17,15,147,70,128,37,38,235,332,229,99,105,253,122,63,48,56,55,4,2,168,86,161,0,36,3,336,52,135,0,95,15,196,314,301,72,67,60,32,4,259,2,104,74,28,244,8,15,91,247,36,278,127,32,215,1,142,17,10,128,125,59,22,28,78,156,354,288,160,23,72,0,359,126,237,14,98,20,67,102,237,67,19,20,21,13,113,158,158,178,1,123,226,12,141,135,47,43,82,41,30,29,67,31,2,7
0,15,61,5,1,18,9,8,12,6,125,5,17,18,0,12,8,55,0,151,33,44,25,76,4,25,13,10,27,147,17,148,15,30,24,37,22,2,23,106,97,2,23,3,5,30,31,12,81,30,63,97,7,0,6,26,216,34,17,11,9,2,44,100,15,24,34,40,161,19,3,13,56,138,3,20,86,92,1,0,110,4,15,0,55,15,87,3,29,0,17,12,57,139,12,3,55,1,1,0,12,0,85,2,3,79,49,7,63,76,1,18,7,1,8,1,114,15,11,10,48,3,78,6,11,9,96,50,43,5,14,1,130,17,30,4,25,40,5,5,169,34,1,5,1,16,4,51,48,14,6,7,21,6,9,7,5,11,3,35,32,1,14,9,4,0
